
-- phpMyAdmin SQL Dump
-- version 3.5.2.2
-- http://www.phpmyadmin.net
--
-- Host: localhost
-- Generation Time: Oct 16, 2015 at 11:40 AM
-- Server version: 10.0.20-MariaDB
-- PHP Version: 5.2.17

SET SQL_MODE="NO_AUTO_VALUE_ON_ZERO";
SET time_zone = "+00:00";


/*!40101 SET @OLD_CHARACTER_SET_CLIENT=@@CHARACTER_SET_CLIENT */;
/*!40101 SET @OLD_CHARACTER_SET_RESULTS=@@CHARACTER_SET_RESULTS */;
/*!40101 SET @OLD_COLLATION_CONNECTION=@@COLLATION_CONNECTION */;
/*!40101 SET NAMES utf8 */;

--
-- Database: `u558605037_maska`
--

-- --------------------------------------------------------

--
-- Table structure for table `BestPlayersNominated`
--

CREATE TABLE IF NOT EXISTS `BestPlayersNominated` (
  `player` varchar(256) CHARACTER SET utf8 NOT NULL,
  `gameId` int(11) NOT NULL,
  KEY `player` (`player`,`gameId`)
) ENGINE=MyISAM DEFAULT CHARSET=utf8 COLLATE=utf8_unicode_ci;

--
-- Dumping data for table `BestPlayersNominated`
--

INSERT INTO `BestPlayersNominated` (`player`, `gameId`) VALUES
('10A.Кай', 28),
('10A.Кай', 45),
('10A.Кай', 58),
('10A.Кай', 63),
('10B.Латвия', 26),
('10B.Латвия', 60),
('10B.Латвия', 69),
('10B.Латвия', 90),
('10B.Латвия', 99),
('10B.Латвия', 108),
('10C.Лисс', 65),
('10D.DoYou', 41),
('10D.DoYou', 83),
('10D.DoYou', 84),
('10D.DoYou', 106),
('10D.DoYou', 123),
('11A.Сарказм', 14),
('11A.Сарказм', 36),
('11A.Сарказм', 53),
('11A.Сарказм', 111),
('11B.Ятна', 50),
('11B.Ятна', 74),
('11B.Ятна', 93),
('11B.Ятна', 116),
('11C.Yes', 2),
('11C.Yes', 16),
('11C.Yes', 24),
('11C.Yes', 49),
('11C.Yes', 65),
('11C.Yes', 77),
('11C.Yes', 87),
('11C.Yes', 98),
('11C.Yes', 113),
('11D.Амбал', 33),
('11D.Амбал', 41),
('11D.Амбал', 64),
('11D.Амбал', 75),
('11D.Амбал', 79),
('11D.Амбал', 96),
('11D.Амбал', 101),
('11D.Амбал', 106),
('11D.Амбал', 117),
('12A.Капитан СбУ RiТ', 2),
('12A.Капитан СбУ RiТ', 52),
('12A.Капитан СбУ RiТ', 67),
('12A.Капитан СбУ RiТ', 106),
('12A.Капитан СбУ RiТ', 112),
('12B.Агент СбУ Бордо', 40),
('12B.Агент СбУ Бордо', 74),
('12B.Агент СбУ Бордо', 86),
('12B.Агент СбУ Бордо', 115),
('12B.Агент СбУ Бордо', 123),
('12C.Агент СбУ Шкода', 57),
('12C.Агент СбУ Шкода', 61),
('12C.Агент СбУ Шкода', 71),
('12C.Агент СбУ Шкода', 97),
('12D.Агент СбУ Эрин', 27),
('12D.Агент СбУ Эрин', 121),
('13A.Керриган', 53),
('13A.Керриган', 102),
('13B.Альфа', 87),
('13B.Альфа', 98),
('13C.Констанция', 41),
('13C.Констанция', 70),
('13C.Констанция', 112),
('13D.Эмоциональный', 69),
('13D.Эмоциональный', 103),
('13D.Эмоциональный', 119),
('14A.Француженка', 28),
('14A.Француженка', 112),
('14B.Тракієць', 42),
('14B.Тракієць', 100),
('14C.Заяц', 19),
('15A.Каре', 2),
('15A.Каре', 33),
('15A.Каре', 83),
('15B.Леон', 16),
('15B.Леон', 54),
('15B.Леон', 73),
('15B.Леон', 90),
('15C.Лиса', 50),
('15C.Лиса', 56),
('15C.Лиса', 109),
('15D.Кас (Чернигов)', 114),
('16A.Tesla', 6),
('16A.Tesla', 84),
('16B.Angelo', 56),
('16B.Angelo', 74),
('16B.Angelo', 95),
('16C.Алексис', 58),
('16D.Батько', 24),
('16D.Батько', 87),
('16D.Батько', 100),
('17A.R2D2', 18),
('17A.R2D2', 50),
('17A.R2D2', 62),
('17A.R2D2', 70),
('17A.R2D2', 95),
('17A.R2D2', 101),
('17A.R2D2', 117),
('17A.R2D2', 122),
('17B.Дон Рамино', 7),
('17B.Дон Рамино', 49),
('17B.Дон Рамино', 54),
('17B.Дон Рамино', 65),
('17B.Дон Рамино', 75),
('17B.Дон Рамино', 103),
('17B.Дон Рамино', 116),
('17C.Questra', 12),
('17C.Questra', 24),
('17C.Questra', 79),
('17C.Questra', 102),
('17C.Questra', 112),
('17D.Бамбук', 11),
('17D.Бамбук', 13),
('17D.Бамбук', 35),
('17D.Бамбук', 71),
('17D.Бамбук', 76),
('17D.Бамбук', 92),
('17D.Бамбук', 97),
('18A.Trevery', 41),
('18A.Trevery', 63),
('18A.Trevery', 72),
('18B.Гармония', 42),
('18B.Гармония', 55),
('18B.Гармония', 58),
('18B.Гармония', 99),
('18C.Локос', 1),
('18C.Локос', 19),
('18C.Локос', 90),
('18C.Локос', 111),
('18D.Lawliet', 20),
('18D.Lawliet', 61),
('18D.Lawliet', 86),
('19A.Кролик', 29),
('19A.Кролик', 66),
('19A.Кролик', 104),
('19A.Кролик', 113),
('19B.Sheriff', 8),
('19B.Sheriff', 20),
('19B.Sheriff', 57),
('19B.Sheriff', 110),
('19B.Sheriff', 111),
('19C.Іскра', 1),
('19C.Іскра', 27),
('19D.І. Багряний', 11),
('19D.І. Багряний', 71),
('19D.І. Багряний', 83),
('19D.І. Багряний', 99),
('1A.Q', 13),
('1A.Q', 26),
('1A.Q', 33),
('1A.Q', 46),
('1A.Q', 105),
('1A.Q', 114),
('1B.Fill', 36),
('1B.Fill', 77),
('1B.Fill', 80),
('1B.Fill', 92),
('1D.Спок', 28),
('1D.Спок', 67),
('1D.Спок', 103),
('1С.Рио', 32),
('1С.Рио', 40),
('1С.Рио', 66),
('1С.Рио', 99),
('1С.Рио', 107),
('1С.Рио', 115),
('20A.Фибби Буффе', 52),
('20A.Фибби Буффе', 56),
('20A.Фибби Буффе', 57),
('20A.Фибби Буффе', 77),
('20A.Фибби Буффе', 80),
('20A.Фибби Буффе', 95),
('20A.Фибби Буффе', 116),
('20A.Фибби Буффе', 120),
('20B.Амахонда', 7),
('20B.Амахонда', 20),
('20B.Амахонда', 60),
('20B.Амахонда', 66),
('20B.Амахонда', 81),
('20B.Амахонда', 88),
('20B.Амахонда', 105),
('20C.Кика', 12),
('20C.Кика', 64),
('20C.Кика', 84),
('20C.Кика', 119),
('20D.Борщ', 14),
('20D.Борщ', 109),
('21A.Антонио', 39),
('21A.Антонио', 72),
('21A.Антонио', 81),
('21A.Антонио', 88),
('21A.Антонио', 111),
('21A.Антонио', 118),
('21A.Антонио', 123),
('21B.Кенни', 29),
('21B.Кенни', 46),
('21B.Кенни', 91),
('21B.Кенни', 110),
('21B.Кенни', 114),
('21C.Альва', 2),
('21C.Альва', 27),
('21C.Альва', 100),
('21D.Ніграма', 13),
('21D.Ніграма', 52),
('21D.Ніграма', 55),
('21D.Ніграма', 96),
('22A.blink', 12),
('22A.blink', 35),
('22A.blink', 43),
('22A.blink', 52),
('22A.blink', 63),
('22A.blink', 76),
('22A.blink', 91),
('22A.blink', 104),
('22A.blink', 113),
('22b', 93),
('22B.Just', 11),
('22B.Just', 32),
('22B.Just', 50),
('22B.Just', 79),
('22B.Just', 107),
('22B.Just', 119),
('22C.Nif', 14),
('22C.Nif', 64),
('22C.Nif', 73),
('22C.Nif', 92),
('22C.Nif', 94),
('22C.Nif', 103),
('22D.Капитан Морган', 1),
('22D.Капитан Морган', 51),
('22D.Капитан Морган', 86),
('23A.Панда', 80),
('23B.Fox', 98),
('23B.Fox', 122),
('23C.Винсент', 18),
('23C.Винсент', 32),
('23C.Винсент', 46),
('23C.Винсент', 87),
('23C.Винсент', 100),
('23C.Винсент', 106),
('23D.Клюква', 42),
('23D.Клюква', 54),
('23D.Клюква', 76),
('23D.Клюква', 94),
('23D.Клюква', 105),
('24A.Хохол', 40),
('24A.Хохол', 61),
('24A.Хохол', 102),
('24A.Хохол', 121),
('24B.Mary', 59),
('24B.Mary', 67),
('24B.Mary', 81),
('24B.Mary', 88),
('24B.Mary', 105),
('24B.Mary', 119),
('24C.Эхо', 6),
('24C.Эхо', 19),
('24C.Эхо', 51),
('24C.Эхо', 120),
('24D.Святой', 20),
('24D.Святой', 75),
('24D.Святой', 87),
('24D.Святой', 96),
('24D.Святой', 109),
('25A.Точка/Ла-Ла', 7),
('25A.Точка/Ла-Ла', 59),
('25A.Точка/Ла-Ла', 92),
('25A.Точка/Ла-Ла', 116),
('25B.Кошка/По', 18),
('25B.Кошка/По', 66),
('25B.Кошка/По', 79),
('25C.Арлекино/Тинки', 29),
('25C.Арлекино/Тинки', 51),
('25C.Арлекино/Тинки', 58),
('25C.Арлекино/Тинки', 97),
('25C.Арлекино/Тинки', 107),
('25C.Арлекино/Тинки', 118),
('25D.Серж/Дипси', 27),
('25D.Серж/Дипси', 43),
('25D.Серж/Дипси', 77),
('2A.Runaway', 26),
('2A.Runaway', 55),
('2A.Runaway', 59),
('2A.Runaway', 89),
('2A.Runaway', 98),
('2B.Brew\\Тони', 69),
('2B.Brew\\Тони', 80),
('2B.Brew\\Тони', 93),
('2B.Brew\\Тони', 115),
('2C.Мишель', 56),
('2C.Мишель', 61),
('2C.Мишель', 65),
('2C.Мишель', 85),
('2C.Мишель', 91),
('2C.Мишель', 99),
('2C.Мишель', 118),
('2C.Мишель', 121),
('2D.Центр', 49),
('2D.Центр', 60),
('2D.Центр', 76),
('2D.Центр', 97),
('2D.Центр', 111),
('3A.Borman', 11),
('3A.Borman', 45),
('3A.Borman', 73),
('3A.Borman', 84),
('3A.Borman', 103),
('3B.Vagrant', 88),
('3B.Vagrant', 91),
('3C.Stone Cold', 18),
('3C.Stone Cold', 55),
('3C.Stone Cold', 60),
('3C.Stone Cold', 63),
('3C.Stone Cold', 85),
('3C.Stone Cold', 94),
('3C.Stone Cold', 108),
('3D.Hank Moody', 19),
('3D.Hank Moody', 122),
('4A.Snoopy:)', 16),
('4A.Snoopy:)', 62),
('4A.Snoopy:)', 69),
('4A.Snoopy:)', 86),
('4A.Snoopy:)', 105),
('4A.Snoopy:)', 110),
('4A.Snoopy:)', 123),
('4B.Джульетта', 14),
('4B.Джульетта', 39),
('4B.Джульетта', 89),
('4B.Джульетта', 96),
('4C.Джесс', 8),
('4C.Джесс', 57),
('4C.Джесс', 85),
('4D.Хірург', 36),
('4D.Хірург', 43),
('4D.Хірург', 52),
('4D.Хірург', 93),
('4D.Хірург', 115),
('5A.Artist', 8),
('5A.Artist', 35),
('5A.Artist', 104),
('5A.Artist', 110),
('5B.Black', 43),
('5B.Black', 62),
('5B.Black', 108),
('5C.Voland', 28),
('5C.Voland', 39),
('5C.Voland', 70),
('5C.Voland', 90),
('5C.Voland', 95),
('5C.Voland', 119),
('5D.Gans', 50),
('5D.Gans', 83),
('6A.Kurt', 16),
('6A.Kurt', 29),
('6A.Kurt', 39),
('6A.Kurt', 67),
('6A.Kurt', 74),
('6A.Kurt', 114),
('6B.Паника', 13),
('6B.Паника', 32),
('6B.Паника', 53),
('6B.Паника', 75),
('6B.Паника', 89),
('6B.Паника', 93),
('6C.Артист', 33),
('6C.Артист', 56),
('6C.Артист', 70),
('6C.Артист', 104),
('6D.Космос', 7),
('6D.Космос', 51),
('6D.Космос', 73),
('6D.Космос', 80),
('6D.Космос', 121),
('7A.Изюм', 1),
('7A.Изюм', 43),
('7A.Изюм', 62),
('7A.Изюм', 107),
('7B.Командор', 54),
('7B.Командор', 102),
('7B.Командор', 109),
('7C.Граф', 6),
('7C.Граф', 26),
('7C.Граф', 35),
('7C.Граф', 49),
('7C.Граф', 120),
('7D.Зара', 79),
('8A.Klepantino', 24),
('8A.Klepantino', 53),
('8A.Klepantino', 59),
('8A.Klepantino', 85),
('8A.Klepantino', 94),
('8B.Chilly Willy', 61),
('8B.Chilly Willy', 67),
('8B.Chilly Willy', 97),
('8C.Шерлок', 46),
('8C.Шерлок', 98),
('8C.Шерлок', 113),
('8D.Dari', 6),
('8D.Dari', 58),
('8D.Dari', 72),
('8D.Dari', 83),
('8D.Dari', 120),
('9A.Май', 59),
('9A.Май', 64),
('9A.Май', 75),
('9A.Май', 101),
('9A.Май', 117),
('9B.Вынос Мозга', 36),
('9B.Вынос Мозга', 40),
('9B.Вынос Мозга', 54),
('9B.Вынос Мозга', 122),
('9C.Мерил', 12),
('9C.Мерил', 42),
('9C.Мерил', 91),
('9D.Фетиш', 8),
('9D.Фетиш', 39),
('9D.Фетиш', 45),
('9D.Фетиш', 71),
('9D.Фетиш', 81),
('9D.Фетиш', 102),
('9D.Фетиш', 110),
('9D.Фетиш', 118);

-- --------------------------------------------------------

--
-- Table structure for table `Games`
--

CREATE TABLE IF NOT EXISTS `Games` (
  `GameId` int(11) NOT NULL AUTO_INCREMENT,
  `RoomId` int(11) NOT NULL,
  `Status` int(11) NOT NULL,
  `MasterId` int(11) NOT NULL,
  `RoundNumber` int(11) NOT NULL,
  `MasterMark` int(11) NOT NULL,
  PRIMARY KEY (`GameId`),
  KEY `Status` (`Status`),
  KEY `MasterId` (`MasterId`)
) ENGINE=MyISAM  DEFAULT CHARSET=latin1 AUTO_INCREMENT=124 ;

--
-- Dumping data for table `Games`
--

INSERT INTO `Games` (`GameId`, `RoomId`, `Status`, `MasterId`, `RoundNumber`, `MasterMark`) VALUES
(1, 10, 1, 1, 1, 0),
(2, 7, 1, 3, 1, 0),
(62, 9, 1, 6, 4, 0),
(6, 1, 1, 5, 1, 0),
(11, 8, 1, 2, 1, 0),
(41, 9, 1, 6, 5, 0),
(7, 5, 1, 9, 1, 0),
(8, 2, 0, 8, 1, 0),
(64, 4, 0, 4, 1, 0),
(60, 6, 1, 7, 4, 0),
(12, 7, 1, 3, 2, 0),
(13, 6, 1, 7, 2, 0),
(14, 2, 0, 8, 2, 0),
(59, 5, 0, 9, 2, 0),
(16, 10, 1, 1, 2, 0),
(55, 1, 0, 5, 5, 0),
(18, 1, 1, 5, 2, 0),
(19, 4, 0, 4, 2, 0),
(20, 8, 1, 2, 2, 0),
(57, 10, 1, 1, 4, 0),
(53, 10, 0, 1, 5, 0),
(40, 4, 1, 4, 5, 0),
(24, 9, 1, 6, 3, 0),
(91, 1, 1, 5, 6, 0),
(26, 3, 0, 10, 3, 0),
(27, 10, 1, 1, 3, 0),
(28, 7, 0, 3, 3, 0),
(29, 2, 1, 8, 3, 0),
(81, 1, 1, 5, 3, 0),
(32, 2, 0, 8, 4, 0),
(33, 4, 0, 4, 4, 0),
(39, 1, 0, 5, 4, 0),
(35, 7, 1, 3, 4, 0),
(36, 3, 1, 10, 4, 0),
(51, 3, 1, 10, 5, 0),
(42, 5, 1, 9, 4, 0),
(43, 5, 0, 9, 5, 0),
(84, 8, 0, 2, 3, 0),
(45, 7, 0, 3, 5, 0),
(46, 3, 1, 10, 1, 0),
(67, 2, 0, 8, 5, 0),
(49, 6, 1, 7, 5, 0),
(50, 6, 0, 7, 3, 0),
(52, 4, 0, 4, 3, 0),
(54, 5, 0, 9, 3, 0),
(56, 3, 0, 10, 2, 0),
(58, 9, 0, 6, 2, 0),
(61, 9, 1, 6, 1, 0),
(63, 6, 0, 7, 1, 0),
(65, 8, 1, 2, 4, 0),
(66, 4, 0, 4, 6, 0),
(92, 8, 0, 2, 5, 0),
(69, 6, 0, 7, 6, 0),
(70, 5, 1, 9, 6, 0),
(71, 2, 1, 8, 6, 0),
(72, 7, 1, 3, 6, 0),
(73, 3, 0, 10, 6, 0),
(74, 9, 1, 6, 6, 0),
(75, 10, 1, 1, 6, 0),
(76, 7, 0, 3, 7, 0),
(77, 8, 2, 2, 6, 0),
(85, 8, 0, 2, 7, 0),
(79, 1, 0, 5, 7, 0),
(80, 2, 1, 8, 7, 0),
(86, 9, 0, 6, 7, 0),
(83, 6, 1, 7, 7, 0),
(87, 5, 0, 9, 7, 0),
(88, 4, 1, 4, 7, 0),
(89, 10, 1, 1, 7, 0),
(90, 3, 1, 10, 7, 0),
(93, 1, 1, 5, 8, 0),
(94, 2, 0, 8, 8, 0),
(95, 3, 1, 10, 8, 0),
(96, 4, 0, 4, 8, 0),
(97, 5, 1, 9, 8, 0),
(98, 6, 0, 7, 8, 0),
(99, 9, 1, 6, 8, 0),
(100, 7, 0, 3, 8, 0),
(123, 8, 1, 2, 8, 0),
(102, 10, 0, 1, 8, 0),
(103, 6, 1, 7, 10, 0),
(104, 10, 0, 1, 10, 0),
(105, 4, 0, 4, 10, 0),
(106, 5, 1, 9, 10, 0),
(107, 2, 1, 8, 10, 0),
(108, 2, 1, 8, 9, 0),
(109, 7, 1, 3, 10, 0),
(110, 1, 0, 5, 10, 0),
(111, 6, 0, 7, 9, 0),
(112, 10, 1, 1, 9, 0),
(113, 7, 1, 3, 9, 0),
(114, 1, 0, 5, 9, 0),
(115, 9, 0, 6, 9, 0),
(116, 3, 0, 10, 9, 0),
(101, 5, 0, 9, 9, 0),
(118, 8, 0, 2, 9, 0),
(119, 4, 1, 4, 9, 0),
(120, 3, 1, 10, 10, 0),
(121, 8, 0, 2, 10, 0),
(122, 9, 1, 6, 10, 0);

-- --------------------------------------------------------

--
-- Table structure for table `MasterGame`
--

CREATE TABLE IF NOT EXISTS `MasterGame` (
  `MasterId` int(11) NOT NULL,
  `GameId` int(11) NOT NULL,
  `Votes` int(11) NOT NULL,
  KEY `MasterId` (`MasterId`,`GameId`)
) ENGINE=MyISAM DEFAULT CHARSET=utf8 COLLATE=utf8_unicode_ci;

--
-- Dumping data for table `MasterGame`
--

INSERT INTO `MasterGame` (`MasterId`, `GameId`, `Votes`) VALUES
(1, 1, 100),
(3, 2, 93),
(6, 62, 100),
(4, 64, 84),
(8, 8, 100),
(9, 7, 98),
(5, 6, 99),
(2, 11, 100),
(4, 40, 46),
(7, 60, 100),
(3, 12, 97),
(7, 13, 99),
(8, 14, 99),
(9, 59, 99),
(1, 16, 99),
(5, 55, 100),
(5, 18, 100),
(4, 19, 83),
(2, 20, 100),
(1, 57, 99),
(1, 53, 100),
(6, 41, 100),
(6, 24, 100),
(5, 91, 98),
(10, 26, 97),
(1, 27, 100),
(3, 28, 98),
(8, 29, 100),
(5, 81, 100),
(8, 32, 93),
(4, 33, 91),
(5, 39, 99),
(3, 35, 100),
(10, 36, 100),
(10, 51, 99),
(9, 42, 97),
(9, 43, 97),
(2, 84, 92),
(3, 45, 100),
(10, 46, 100),
(8, 67, 100),
(7, 49, 94),
(7, 50, 97),
(4, 52, 98),
(9, 54, 98),
(10, 56, 92),
(6, 58, 100),
(6, 61, 95),
(7, 63, 99),
(2, 65, 0),
(4, 66, 0),
(2, 92, 100),
(7, 69, 92),
(9, 70, 100),
(8, 71, 99),
(3, 72, 98),
(10, 73, 99),
(6, 74, 100),
(1, 75, 100),
(3, 76, 100),
(2, 77, 54),
(2, 85, 100),
(5, 79, 100),
(8, 80, 100),
(6, 86, 100),
(7, 83, 88),
(9, 87, 97),
(4, 88, 0),
(1, 89, 100),
(10, 90, 100),
(5, 93, 97),
(8, 94, 100),
(10, 95, 100),
(4, 96, 0),
(9, 97, 100),
(7, 98, 100),
(6, 99, 93),
(3, 100, 99),
(9, 101, 100),
(1, 102, 100),
(7, 103, 90),
(1, 104, 100),
(4, 105, 0),
(9, 106, 100),
(8, 107, 99),
(8, 108, 100),
(3, 109, 100),
(5, 110, 100),
(7, 111, 100),
(1, 112, 100),
(3, 113, 98),
(5, 114, 100),
(6, 115, 98),
(10, 116, 100),
(2, 118, 97),
(4, 119, 0),
(10, 120, 100),
(2, 121, 100),
(6, 122, 98),
(2, 123, 98);

-- --------------------------------------------------------

--
-- Table structure for table `Masters`
--

CREATE TABLE IF NOT EXISTS `Masters` (
  `MasterId` int(11) NOT NULL AUTO_INCREMENT,
  `MasterName` varchar(256) CHARACTER SET cp1251 NOT NULL,
  `Rating` double DEFAULT NULL,
  `MasterPass` varchar(256) NOT NULL,
  PRIMARY KEY (`MasterId`)
) ENGINE=MyISAM  DEFAULT CHARSET=latin1 AUTO_INCREMENT=11 ;

--
-- Dumping data for table `Masters`
--

INSERT INTO `Masters` (`MasterId`, `MasterName`, `Rating`, `MasterPass`) VALUES
(1, 'Locky', 0, 'c4ca4238a0b923820dcc509a6f75849b'),
(2, 'Тип', NULL, ''),
(3, 'Wasabi', NULL, ''),
(4, 'Margo', NULL, ''),
(5, 'Лилия', NULL, ''),
(6, 'Merlin', NULL, ''),
(7, 'Lond', NULL, ''),
(8, 'Ева', NULL, ''),
(9, 'Сидней', NULL, ''),
(10, 'Мари', NULL, '');

-- --------------------------------------------------------

--
-- Table structure for table `PlayerGame`
--

CREATE TABLE IF NOT EXISTS `PlayerGame` (
  `Id` int(11) NOT NULL AUTO_INCREMENT,
  `Player` varchar(256) CHARACTER SET utf8 NOT NULL,
  `GameId` int(11) NOT NULL,
  `Role` int(11) NOT NULL,
  `BestVotes` int(11) NOT NULL,
  `BestMove` int(11) NOT NULL,
  `DressCode` int(11) NOT NULL,
  `Surprise` smallint(1) NOT NULL,
  `Penalty` int(11) NOT NULL,
  PRIMARY KEY (`Id`),
  KEY `PlayerId` (`Player`),
  KEY `GameId` (`GameId`),
  KEY `RoleId` (`Role`)
) ENGINE=MyISAM  DEFAULT CHARSET=latin1 AUTO_INCREMENT=2249 ;

--
-- Dumping data for table `PlayerGame`
--

INSERT INTO `PlayerGame` (`Id`, `Player`, `GameId`, `Role`, `BestVotes`, `BestMove`, `DressCode`, `Surprise`, `Penalty`) VALUES
(1619, '4D.Хірург', 63, 15, 0, 0, 1, 1, 0),
(1618, '10A.Кай', 63, 15, 0, 0, 3, 1, 0),
(1617, '25D.Серж/Дипси', 63, 15, 0, 0, 0, 0, 0),
(1615, '6D.Космос', 62, 15, 0, 0, 4, 1, 0),
(1616, '20C.Кика', 62, 0, 0, 0, 0, 0, 0),
(1613, '5B.Black', 62, 0, 0, 0, 4, 0, 0),
(304, '2B.Brew\\Тони', 2, 0, 0, 0, 0, 0, 0),
(305, '19A.Кролик', 2, 0, 0, 0, 3, 0, 0),
(275, '2D.Центр', 1, 0, 0, 0, 0, 0, 0),
(274, '8A.Klepantino', 1, 0, 0, 0, 4, 0, 0),
(273, '18C.Локос', 1, 0, 3, 0, 3, 0, 0),
(272, '7A.Изюм', 1, 15, 4, 0, 0, 0, 0),
(266, '16B.Angelo', 1, 0, 0, 0, 0, 0, 0),
(267, '10B.Латвия', 1, 0, 0, 0, 5, 1, 0),
(268, '22D.Капитан Морган', 1, 15, 3, 0, 0, 0, 0),
(269, '19C.Іскра', 1, 15, 0, 0, 0, 0, 0),
(270, '17C.Questra', 1, 0, 0, 0, 6, 0, 0),
(271, '25B.Кошка/По', 1, 0, 0, 0, 2, 0, 0),
(1614, '17A.R2D2', 62, 0, 1, 0, 0, 0, 0),
(1612, '7A.Изюм', 62, 15, 6, 0, 1, 0, 0),
(303, '15A.Каре', 2, 15, 8, 0, 8, 0, 0),
(302, '4B.Джульетта', 2, 15, 0, 0, 5, 0, 0),
(296, '13B.Альфа', 2, 0, 0, 0, 2, 0, 0),
(297, '10D.DoYou', 2, 0, 0, 0, 0, 1, 0),
(298, '7D.Зара', 2, 0, 0, 0, 2, 0, 0),
(299, '11C.Yes', 2, 0, 0, 0, 0, 0, 0),
(300, '12A.Капитан СбУ RiТ', 2, 0, 2, 0, 0, 0, 0),
(301, '21C.Альва', 2, 15, 0, 0, 0, 0, 0),
(1610, '2A.Runaway', 62, 0, 0, 0, 0, 0, 0),
(1611, '21C.Альва', 62, 0, 0, 0, 2, 1, 0),
(1609, '4A.Snoopy:)', 62, 0, 3, 0, 9, 0, 0),
(1608, '8C.Шерлок', 62, 0, 0, 0, 0, 0, 0),
(1607, '3B.Vagrant', 62, 15, 0, 0, 0, 0, 0),
(1365, '9B.Вынос Мозга', 40, 15, 0, 0, 1, 0, 0),
(1344, '8A.Klepantino', 39, 0, 0, 0, 0, 0, 0),
(1343, '21A.Антонио', 39, 15, 4, 0, 0, 0, 0),
(1342, '5C.Voland', 39, 15, 3, 0, 0, 0, 0),
(1341, '18A.Trevery', 39, 0, 0, 0, 0, 0, 0),
(403, '3A.Borman', 11, 0, 1, 0, 6, 0, 0),
(402, '19D.І. Багряний', 11, 15, 2, 0, 0, 1, 0),
(401, '9B.Вынос Мозга', 11, 0, 0, 0, 0, 0, 0),
(400, '17D.Бамбук', 11, 15, 7, 0, 0, 1, 0),
(399, '6C.Артист', 11, 0, 0, 0, 0, 0, 0),
(398, '4A.Snoopy:)', 11, 0, 0, 0, 4, 0, 0),
(397, '13C.Констанция', 11, 0, 0, 0, 0, 0, 0),
(347, '9C.Мерил', 6, 0, 0, 0, 2, 0, 0),
(348, '17A.R2D2', 6, 0, 0, 0, 0, 0, 0),
(349, '24C.Эхо', 6, 0, 3, 0, 0, 1, 0),
(350, '25C.Арлекино/Тинки', 6, 0, 0, 0, 0, 0, 0),
(351, '2A.Runaway', 6, 0, 0, 0, 3, 0, 0),
(352, '7C.Граф', 6, 15, 0, 0, 7, 0, 0),
(353, '3D.Hank Moody', 6, 0, 0, 0, 0, 0, 0),
(354, '8D.Dari', 6, 15, 6, 0, 6, 0, 0),
(355, '16A.Tesla', 6, 15, 1, 0, 2, 0, 0),
(356, '21A.Антонио', 6, 0, 0, 0, 0, 1, 0),
(357, '21D.Ніграма', 7, 15, 0, 0, 0, 0, 0),
(358, '20B.Амахонда', 7, 15, 4, 0, 0, 0, 0),
(359, '15D.Кас (Чернигов)', 7, 0, 0, 0, 0, 0, 0),
(360, '1B.Fill', 7, 0, 0, 0, 10, 0, 0),
(361, '18B.Гармония', 7, 0, 0, 0, 0, 0, 0),
(362, '25A.Точка/Ла-Ла', 7, 0, 0, 0, 1, 1, 0),
(363, '5C.Voland', 7, 0, 0, 0, 0, 0, 0),
(364, '17B.Дон Рамино', 7, 15, 6, 0, 0, 0, 0),
(365, '6D.Космос', 7, 0, 0, 0, 9, 0, 0),
(366, '13A.Керриган', 7, 0, 0, 0, 0, 0, 0),
(367, '9D.Фетиш', 8, 0, 3, 0, 3, 0, 0),
(368, '4C.Джесс', 8, 15, 4, 0, 7, 0, 0),
(369, '1С.Рио', 8, 15, 0, 3, 0, 0, 0),
(370, '23A.Панда', 8, 15, 0, 0, 0, 0, 0),
(371, '15B.Леон', 8, 0, 0, 0, 4, 0, 0),
(372, '19B.Sheriff', 8, 15, 0, 0, 5, 0, 0),
(373, '5A.Artist', 8, 0, 3, 0, 1, 0, 0),
(374, '16D.Батько', 8, 15, 0, 0, 0, 0, 0),
(375, '13D.Эмоциональный', 8, 15, 0, 0, 0, 0, 0),
(376, '14C.Заяц', 8, 15, 0, 0, 0, 0, 0),
(1633, '11D.Амбал', 64, 15, 4, 0, 0, 0, 0),
(1632, '14A.Француженка', 64, 0, 0, 0, 0, 0, 0),
(1631, '1D.Спок', 64, 0, 0, 0, 2, 0, 0),
(1630, '22C.Nif', 64, 15, 1, 0, 0, 0, 0),
(1629, '20C.Кика', 64, 15, 5, 0, 0, 0, 0),
(1628, '10C.Лисс', 64, 15, 0, 0, 8, 0, 0),
(1627, '9A.Май', 64, 0, 0, 0, 0, 0, 0),
(1593, '3C.Stone Cold', 60, 15, 1, 0, 8, 0, 0),
(1592, '2D.Центр', 60, 0, 3, 0, 2, 0, 0),
(1591, '20B.Амахонда', 60, 0, 3, 3, 0, 0, 0),
(1590, '15B.Леон', 60, 0, 0, 0, 0, 0, 0),
(1589, '25A.Точка/Ла-Ла', 60, 0, 0, 0, 0, 1, 0),
(1588, '14A.Француженка', 60, 0, 0, 0, 0, 0, 0),
(1587, '10B.Латвия', 60, 15, 3, 0, 9, 0, 0),
(404, '24D.Святой', 11, 0, 0, 0, 0, 0, 0),
(405, '14B.Тракієць', 11, 0, 0, 0, 0, 0, 0),
(406, '22B.Just', 11, 15, 0, 0, 5, 1, 0),
(407, '11B.Ятна', 12, 0, 0, 0, 6, 0, 0),
(408, '1С.Рио', 12, 0, 0, 0, 0, 0, 0),
(409, '20C.Кика', 12, 0, 2, 0, 0, 0, 0),
(410, '9C.Мерил', 12, 15, 2, 0, 1, 0, 0),
(411, '23D.Клюква', 12, 0, 0, 0, 3, 0, 0),
(412, '2B.Brew\\Тони', 12, 0, 0, 0, 0, 0, 0),
(413, '12C.Агент СбУ Шкода', 12, 0, 0, 0, 0, 0, 0),
(414, '17C.Questra', 12, 15, 2, 0, 5, 0, 0),
(415, '7A.Изюм', 12, 0, 0, 0, 5, 1, 0),
(416, '22A.blink', 12, 15, 4, 0, 0, 0, 0),
(417, '19A.Кролик', 13, 0, 0, 0, 0, 0, 0),
(418, '22D.Капитан Морган', 13, 0, 0, 3, 1, 0, 0),
(419, '12B.Агент СбУ Бордо', 13, 0, 0, 0, 0, 1, 0),
(420, '1A.Q', 13, 15, 3, 0, 2, 0, 0),
(421, '7B.Командор', 13, 0, 0, 0, 0, 1, 0),
(422, '17D.Бамбук', 13, 0, 1, 0, 0, 0, 0),
(423, '13A.Керриган', 13, 0, 0, 0, 0, 0, 0),
(424, '6B.Паника', 13, 15, 2, 0, 8, 0, 0),
(425, '21D.Ніграма', 13, 15, 4, 0, 0, 0, 0),
(426, '3A.Borman', 13, 0, 0, 0, 9, 0, 0),
(427, '12A.Капитан СбУ RiТ', 14, 15, 0, 3, 0, 0, 0),
(428, '7C.Граф', 14, 15, 0, 0, 5, 0, 0),
(429, '4B.Джульетта', 14, 15, 4, 0, 6, 0, 0),
(430, '16A.Tesla', 14, 15, 0, 0, 0, 0, 0),
(431, '19C.Іскра', 14, 0, 0, 0, 0, 0, 0),
(432, '5B.Black', 14, 15, 0, 0, 4, 0, 0),
(433, '13B.Альфа', 14, 0, 0, 0, 0, 0, 0),
(434, '11A.Сарказм', 14, 0, 0, 0, 5, 0, 0),
(435, '20D.Борщ', 14, 15, 2, 0, 0, 0, 0),
(436, '22C.Nif', 14, 15, 4, 0, 0, 0, 0),
(1584, '5D.Gans', 59, 0, 0, 0, 0, 0, 0),
(1583, '24B.Mary', 59, 15, 0, 3, 0, 1, 0),
(1582, '8A.Klepantino', 59, 15, 0, 0, 9, 0, 0),
(1581, '6D.Космос', 59, 15, 0, 0, 7, 1, 0),
(1580, '9A.Май', 59, 15, 2, 0, 0, 0, 0),
(1579, '21B.Кенни', 59, 15, 0, 0, 0, 0, 0),
(1578, '25A.Точка/Ла-Ла', 59, 15, 7, 0, 3, 1, 0),
(1577, '2A.Runaway', 59, 15, 1, 0, 1, 0, 0),
(447, '15B.Леон', 16, 15, 1, 0, 0, 0, 0),
(448, '8B.Chilly Willy', 16, 0, 0, 0, 0, 0, 0),
(449, '11C.Yes', 16, 0, 0, 0, 0, 0, 0),
(450, '18A.Trevery', 16, 0, 0, 0, 0, 0, 0),
(451, '1D.Спок', 16, 0, 0, 0, 1, 1, 0),
(452, '22B.Just', 16, 0, 0, 0, 9, 0, 0),
(453, '2D.Центр', 16, 0, 0, 0, 0, 0, 0),
(454, '5A.Artist', 16, 0, 0, 0, 0, 0, 0),
(455, '4A.Snoopy:)', 16, 15, 1, 0, 4, 0, 0),
(456, '6A.Kurt', 16, 15, 8, 0, 6, 0, 0),
(1545, '25B.Кошка/По', 55, 15, 0, 0, 10, 0, 0),
(1544, '21D.Ніграма', 55, 15, 0, 0, 0, 0, 0),
(1543, '18B.Гармония', 55, 15, 2, 0, 0, 0, 0),
(1542, '5C.Voland', 55, 0, 0, 0, 0, 0, 0),
(1541, '14D.Ёжик', 55, 15, 0, 0, 0, 0, 0),
(1540, '7B.Командор', 55, 0, 0, 0, 0, 0, 0),
(1539, '16B.Angelo', 55, 15, 0, 0, 2, 0, 0),
(467, '23C.Винсент', 18, 15, 1, 0, 0, 0, 0),
(468, '4D.Хірург', 18, 0, 0, 0, 1, 1, 0),
(469, '19D.І. Багряний', 18, 0, 0, 0, 0, 0, 0),
(470, '17A.R2D2', 18, 0, 0, 0, 0, 0, 0),
(471, '3C.Stone Cold', 18, 0, 8, 0, 7, 0, 0),
(472, '15A.Каре', 18, 15, 0, 0, 1, 0, 0),
(473, '9B.Вынос Мозга', 18, 0, 0, 0, 0, 0, 0),
(474, '10D.DoYou', 18, 0, 0, 0, 0, 0, 0),
(475, '25B.Кошка/По', 18, 0, 1, 6, 5, 0, 0),
(476, '16D.Батько', 18, 15, 0, 0, 1, 0, 0),
(477, '12D.Агент СбУ Эрин', 19, 15, 0, 0, 1, 0, 0),
(478, '9D.Фетиш', 19, 15, 0, 0, 7, 1, 0),
(479, '14C.Заяц', 19, 15, 2, 0, 8, 0, 0),
(480, '10C.Лисс', 19, 15, 0, 0, 1, 0, 0),
(481, '18C.Локос', 19, 0, 1, 0, 1, 0, 0),
(482, '21A.Антонио', 19, 15, 0, 0, 0, 0, 0),
(483, '23A.Панда', 19, 0, 0, 0, 0, 0, 0),
(484, '3D.Hank Moody', 19, 15, 7, 0, 0, 0, 0),
(485, '25D.Серж/Дипси', 19, 0, 0, 0, 2, 0, 0),
(486, '24C.Эхо', 19, 15, 0, 0, 0, 0, 0),
(487, '13C.Констанция', 20, 15, 0, 0, 0, 0, 0),
(488, '21C.Альва', 20, 0, 0, 0, 1, 0, 0),
(489, '18D.Lawliet', 20, 0, 2, 0, 0, 0, 0),
(490, '24D.Святой', 20, 15, 4, 0, 3, 0, 0),
(491, '8C.Шерлок', 20, 0, 0, 0, 0, 0, 0),
(492, '17B.Дон Рамино', 20, 0, 0, 0, 0, 0, 0),
(493, '14B.Тракієць', 20, 0, 0, 0, 0, 0, 0),
(494, '10B.Латвия', 20, 0, 0, 0, 9, 0, 0),
(495, '20B.Амахонда', 20, 15, 3, 0, 0, 0, 0),
(496, '19B.Sheriff', 20, 0, 1, 0, 7, 0, 0),
(1568, '14A.Француженка', 58, 0, 0, 0, 0, 0, 0),
(1567, '18B.Гармония', 58, 15, 1, 0, 1, 0, 0),
(1566, '8B.Chilly Willy', 57, 0, 0, 0, 1, 0, 0),
(1565, '20A.Фибби Буффе', 57, 15, 7, 0, 1, 1, 0),
(1564, '12C.Агент СбУ Шкода', 57, 0, 1, 0, 0, 0, 0),
(1563, '4C.Джесс', 57, 15, 0, 0, 6, 0, 0),
(1562, '7B.Командор', 57, 0, 0, 0, 2, 0, 0),
(1561, '22D.Капитан Морган', 57, 0, 0, 0, 0, 1, 0),
(1560, '1D.Спок', 57, 0, 0, 0, 0, 1, 0),
(1559, '16C.Алексис', 57, 0, 0, 0, 2, 0, 0),
(1558, '19B.Sheriff', 57, 15, 2, 0, 8, 0, 0),
(1557, '9A.Май', 57, 0, 0, 0, 0, 0, 0),
(1524, '6B.Паника', 53, 15, 1, 0, 5, 1, 0),
(1523, '12C.Агент СбУ Шкода', 53, 0, 0, 0, 0, 0, 0),
(1522, '10B.Латвия', 53, 15, 0, 0, 1, 0, 0),
(1521, '14C.Заяц', 53, 15, 0, 0, 1, 0, 0),
(1520, '2C.Мишель', 53, 0, 0, 0, 5, 0, 0),
(1519, '11A.Сарказм', 53, 15, 0, 0, 0, 1, 0),
(1518, '4C.Джесс', 53, 0, 0, 0, 4, 0, 0),
(1517, '18D.Lawliet', 53, 15, 0, 0, 0, 0, 0),
(1364, '20A.Фибби Буффе', 40, 0, 0, 0, 0, 0, 0),
(1362, '22B.Just', 40, 0, 0, 0, 7, 1, 0),
(1363, '3D.Hank Moody', 40, 0, 0, 0, 0, 0, 0),
(1361, '1С.Рио', 40, 15, 5, 0, 0, 0, 0),
(1360, '12B.Агент СбУ Бордо', 40, 15, 1, 0, 3, 0, 0),
(575, '23A.Панда', 24, 0, 0, 0, 0, 1, 5),
(574, '8A.Klepantino', 24, 0, 2, 0, 0, 0, 0),
(573, '16D.Батько', 24, 15, 2, 0, 0, 1, 0),
(572, '3C.Stone Cold', 24, 0, 0, 0, 5, 0, 0),
(571, '17C.Questra', 24, 15, 4, 0, 5, 0, 0),
(570, '19D.І. Багряний', 24, 0, 0, 0, 0, 0, 5),
(569, '11C.Yes', 24, 0, 2, 0, 0, 1, 0),
(568, '1С.Рио', 24, 15, 0, 0, 0, 0, 0),
(567, '4B.Джульетта', 24, 0, 0, 0, 5, 0, 0),
(576, '13D.Эмоциональный', 24, 0, 0, 0, 0, 0, 0),
(1906, '22A.blink', 91, 15, 4, 0, 0, 1, 0),
(1905, '12A.Капитан СбУ RiТ', 91, 0, 0, 0, 0, 0, 0),
(1904, '9C.Мерил', 91, 0, 3, 0, 1, 0, 0),
(1903, '14D.Ёжик', 91, 0, 0, 0, 1, 0, 0),
(1902, '8C.Шерлок', 91, 0, 0, 0, 0, 0, 0),
(1901, '3B.Vagrant', 91, 0, 1, 0, 9, 1, 0),
(587, '7C.Граф', 26, 0, 0, 0, 7, 0, 0),
(588, '1A.Q', 26, 15, 6, 0, 5, 0, 0),
(589, '13B.Альфа', 26, 15, 0, 0, 1, 0, 0),
(590, '12C.Агент СбУ Шкода', 26, 15, 0, 0, 0, 0, 0),
(591, '18A.Trevery', 26, 15, 0, 0, 1, 0, 0),
(592, '5B.Black', 26, 0, 0, 0, 1, 0, 0),
(593, '17D.Бамбук', 26, 15, 0, 0, 0, 1, 0),
(594, '22C.Nif', 26, 15, 0, 0, 0, 0, 0),
(595, '2A.Runaway', 26, 15, 1, 0, 1, 0, 0),
(596, '10B.Латвия', 26, 0, 3, 0, 4, 1, 0),
(906, '18D.Lawliet', 28, 15, 0, 0, 0, 0, 0),
(905, '19B.Sheriff', 28, 0, 0, 0, 8, 0, 0),
(746, '8B.Chilly Willy', 27, 0, 0, 0, 0, 0, 0),
(745, '19C.Іскра', 27, 0, 2, 0, 0, 0, 0),
(744, '7D.Зара', 27, 0, 0, 0, 4, 0, 0),
(743, '10C.Лисс', 27, 0, 0, 0, 4, 0, 0),
(742, '22D.Капитан Морган', 27, 0, 0, 0, 2, 1, 0),
(741, '15D.Кас (Чернигов)', 27, 0, 0, 0, 0, 0, 0),
(740, '16B.Angelo', 27, 15, 0, 0, 2, 0, 5),
(739, '25D.Серж/Дипси', 27, 0, 4, 0, 6, 0, 0),
(738, '21C.Альва', 27, 15, 2, 0, 0, 0, 0),
(737, '12D.Агент СбУ Эрин', 27, 15, 2, 0, 2, 0, 0),
(904, '23C.Винсент', 28, 0, 0, 0, 0, 0, 5),
(903, '12B.Агент СбУ Бордо', 28, 15, 0, 0, 8, 0, 0),
(902, '1D.Спок', 28, 15, 2, 0, 2, 0, 0),
(901, '3D.Hank Moody', 28, 0, 0, 0, 0, 0, 0),
(899, '14A.Француженка', 28, 15, 0, 0, 0, 0, 0),
(900, '5C.Voland', 28, 15, 1, 0, 0, 0, 0),
(898, '10A.Кай', 28, 15, 7, 0, 1, 0, 0),
(897, '24D.Святой', 28, 15, 0, 0, 1, 0, 0),
(907, '21B.Кенни', 29, 0, 3, 0, 0, 0, 0),
(908, '7A.Изюм', 29, 0, 0, 0, 0, 0, 0),
(909, '6A.Kurt', 29, 0, 3, 0, 6, 1, 5),
(910, '11D.Амбал', 29, 0, 0, 0, 0, 1, 0),
(911, '5A.Artist', 29, 0, 0, 0, 1, 0, 0),
(912, '4C.Джесс', 29, 0, 0, 0, 8, 0, 0),
(913, '19A.Кролик', 29, 15, 4, 0, 2, 0, 0),
(914, '25C.Арлекино/Тинки', 29, 15, 0, 0, 0, 0, 0),
(915, '14B.Тракієць', 29, 15, 0, 0, 3, 0, 0),
(916, '2D.Центр', 29, 0, 0, 3, 0, 0, 0),
(1803, '18B.Гармония', 81, 0, 0, 0, 0, 0, 0),
(1802, '8D.Dari', 81, 0, 0, 0, 3, 0, 0),
(1801, '11A.Сарказм', 81, 0, 0, 0, 0, 0, 0),
(1800, '9D.Фетиш', 81, 0, 0, 0, 4, 0, 0),
(1799, '15A.Каре', 81, 0, 0, 0, 1, 0, 0),
(1798, '20B.Амахонда', 81, 15, 6, 0, 0, 0, 0),
(1797, '21A.Антонио', 81, 15, 2, 0, 0, 0, 5),
(1538, '3C.Stone Cold', 55, 15, 2, 0, 8, 0, 0),
(1537, '2A.Runaway', 55, 0, 6, 0, 0, 0, 0),
(937, '22B.Just', 32, 15, 4, 0, 2, 0, 0),
(938, '10D.DoYou', 32, 0, 0, 0, 0, 0, 0),
(939, '20D.Борщ', 32, 15, 0, 0, 0, 0, 0),
(940, '1С.Рио', 32, 15, 3, 0, 0, 0, 0),
(941, '7D.Зара', 32, 0, 0, 0, 1, 0, 0),
(942, '8D.Dari', 32, 15, 0, 0, 3, 0, 0),
(943, '15D.Кас (Чернигов)', 32, 15, 0, 0, 0, 0, 0),
(944, '6B.Паника', 32, 15, 3, 0, 4, 0, 0),
(945, '24B.Mary', 32, 15, 0, 0, 0, 0, 0),
(946, '23C.Винсент', 32, 0, 0, 0, 0, 0, 0),
(947, '15A.Каре', 33, 15, 1, 0, 4, 0, 0),
(948, '6C.Артист', 33, 0, 2, 0, 6, 0, 0),
(949, '11D.Амбал', 33, 15, 6, 0, 0, 1, 0),
(950, '2B.Brew\\Тони', 33, 15, 0, 0, 0, 0, 0),
(951, '25C.Арлекино/Тинки', 33, 15, 0, 0, 0, 0, 0),
(952, '1A.Q', 33, 15, 1, 0, 7, 0, 0),
(953, '13D.Эмоциональный', 33, 15, 0, 0, 0, 0, 0),
(954, '24A.Хохол', 33, 0, 0, 0, 0, 0, 0),
(955, '12B.Агент СбУ Бордо', 33, 0, 0, 0, 3, 0, 0),
(956, '18D.Lawliet', 33, 15, 0, 3, 0, 0, 0),
(1340, '16D.Батько', 39, 0, 0, 0, 1, 0, 0),
(1339, '9D.Фетиш', 39, 15, 0, 0, 4, 0, 0),
(1338, '6A.Kurt', 39, 15, 0, 6, 9, 0, 0),
(1337, '4B.Джульетта', 39, 15, 3, 0, 6, 0, 0),
(1336, '23A.Панда', 39, 15, 0, 0, 0, 0, 0),
(1335, '25D.Серж/Дипси', 39, 15, 0, 0, 0, 0, 0),
(967, '17D.Бамбук', 35, 15, 0, 0, 0, 1, 0),
(968, '15C.Лиса', 35, 0, 0, 0, 3, 0, 0),
(969, '22A.blink', 35, 0, 4, 0, 0, 0, 0),
(970, '11B.Ятна', 35, 0, 0, 0, 6, 0, 0),
(971, '21B.Кенни', 35, 0, 0, 0, 0, 0, 0),
(972, '14C.Заяц', 35, 0, 0, 0, 1, 0, 0),
(973, '5A.Artist', 35, 15, 5, 0, 2, 0, 0),
(974, '7C.Граф', 35, 15, 1, 0, 3, 0, 0),
(975, '23B.Fox', 35, 0, 0, 0, 4, 0, 0),
(976, '19A.Кролик', 35, 0, 0, 0, 1, 0, 0),
(977, '1B.Fill', 36, 15, 0, 0, 7, 0, 0),
(978, '3D.Hank Moody', 36, 0, 0, 0, 1, 0, 0),
(979, '11A.Сарказм', 36, 0, 2, 3, 0, 0, 0),
(980, '10A.Кай', 36, 0, 0, 0, 0, 0, 0),
(981, '24D.Святой', 36, 0, 0, 0, 0, 0, 0),
(982, '21D.Ніграма', 36, 0, 0, 0, 0, 0, 0),
(983, '9B.Вынос Мозга', 36, 15, 1, 0, 0, 0, 0),
(984, '4D.Хірург', 36, 15, 7, 0, 0, 0, 0),
(985, '17C.Questra', 36, 0, 0, 0, 2, 0, 0),
(986, '16A.Tesla', 36, 0, 0, 0, 10, 0, 0),
(1505, '13D.Эмоциональный', 51, 0, 0, 0, 0, 0, 0),
(1504, '25C.Арлекино/Тинки', 51, 15, 1, 0, 0, 0, 0),
(1502, '23B.Fox', 51, 0, 0, 0, 3, 0, 0),
(1503, '22D.Капитан Морган', 51, 15, 5, 0, 0, 0, 0),
(1501, '24C.Эхо', 51, 0, 4, 0, 0, 1, 0),
(1500, '6D.Космос', 51, 15, 0, 0, 5, 0, 0),
(1499, '17C.Questra', 51, 0, 0, 0, 2, 1, 0),
(1498, '8C.Шерлок', 51, 0, 0, 0, 0, 0, 0),
(1497, '19B.Sheriff', 51, 0, 0, 0, 5, 0, 0),
(1359, '15B.Леон', 40, 0, 0, 0, 0, 0, 0),
(1358, '13B.Альфа', 40, 0, 0, 0, 1, 0, 0),
(1357, '16A.Tesla', 40, 0, 0, 0, 0, 0, 0),
(1356, '24A.Хохол', 40, 0, 4, 0, 8, 0, 0),
(1383, '14A.Француженка', 41, 0, 0, 0, 0, 0, 0),
(1382, '21C.Альва', 41, 0, 0, 0, 5, 0, 0),
(1381, '13C.Констанция', 41, 15, 2, 0, 0, 0, 0),
(1380, '18A.Trevery', 41, 15, 1, 0, 0, 0, 0),
(1379, '5A.Artist', 41, 0, 0, 3, 6, 0, 0),
(1378, '24D.Святой', 41, 0, 0, 0, 3, 1, 0),
(1377, '17A.R2D2', 41, 0, 0, 0, 1, 0, 0),
(1384, '11D.Амбал', 41, 15, 3, 0, 0, 1, 0),
(1385, '19C.Іскра', 41, 0, 0, 0, 5, 0, 0),
(1386, '10D.DoYou', 41, 0, 4, 0, 0, 1, 0),
(1387, '13A.Керриган', 42, 0, 0, 0, 0, 0, 0),
(1388, '5D.Gans', 42, 0, 0, 0, 1, 0, 0),
(1389, '9C.Мерил', 42, 0, 5, 0, 1, 0, 0),
(1390, '18B.Гармония', 42, 15, 0, 0, 0, 0, 0),
(1391, '12D.Агент СбУ Эрин', 42, 15, 0, 0, 0, 0, 0),
(1392, '19C.Іскра', 42, 0, 0, 0, 0, 0, 0),
(1393, '23D.Клюква', 42, 0, 0, 0, 5, 1, 0),
(1394, '3A.Borman', 42, 0, 0, 0, 7, 0, 0),
(1395, '25B.Кошка/По', 42, 0, 0, 0, 5, 0, 0),
(1396, '14B.Тракієць', 42, 15, 5, 0, 2, 1, 0),
(1397, '25D.Серж/Дипси', 43, 15, 2, 0, 2, 0, 0),
(1398, '7A.Изюм', 43, 15, 4, 0, 2, 1, 0),
(1399, '4D.Хірург', 43, 15, 1, 0, 0, 0, 0),
(1400, '23D.Клюква', 43, 15, 0, 0, 8, 0, 0),
(1401, '9C.Мерил', 43, 0, 0, 0, 0, 0, 0),
(1402, '21B.Кенни', 43, 0, 0, 0, 0, 0, 0),
(1403, '8D.Dari', 43, 15, 0, 0, 2, 1, 0),
(1404, '15A.Каре', 43, 15, 0, 0, 6, 0, 0),
(1405, '5B.Black', 43, 0, 0, 0, 0, 0, 0),
(1406, '22A.blink', 43, 15, 3, 0, 0, 1, 0),
(1569, '11D.Амбал', 58, 15, 0, 0, 0, 0, 0),
(1834, '6B.Паника', 84, 15, 0, 0, 8, 0, 0),
(1833, '18C.Локос', 84, 15, 0, 0, 0, 0, 0),
(1832, '20C.Кика', 84, 15, 6, 0, 2, 1, 0),
(1831, '14D.Ёжик', 84, 0, 0, 0, 0, 0, 0),
(1830, '16A.Tesla', 84, 15, 1, 0, 0, 0, 0),
(1829, '4A.Snoopy:)', 84, 15, 0, 3, 9, 0, 0),
(1828, '10D.DoYou', 84, 0, 2, 0, 0, 0, 0),
(1827, '24A.Хохол', 84, 15, 0, 0, 0, 0, 0),
(1437, '11B.Ятна', 45, 15, 0, 0, 3, 0, 0),
(1438, '2B.Brew\\Тони', 45, 15, 0, 0, 0, 0, 0),
(1439, '9D.Фетиш', 45, 15, 2, 0, 3, 0, 0),
(1440, '3A.Borman', 45, 15, 1, 0, 3, 0, 0),
(1441, '19D.І. Багряний', 45, 0, 0, 0, 2, 0, 0),
(1442, '10A.Кай', 45, 15, 7, 0, 5, 0, 0),
(1443, '15C.Лиса', 45, 15, 0, 0, 2, 0, 0),
(1444, '1A.Q', 45, 15, 0, 0, 2, 1, 0),
(1445, '5D.Gans', 45, 0, 0, 0, 0, 0, 0),
(1446, '16C.Алексис', 45, 0, 0, 0, 0, 0, 0),
(1447, '11B.Ятна', 46, 0, 0, 0, 5, 0, 0),
(1448, '21B.Кенни', 46, 0, 1, 0, 0, 0, 0),
(1449, '20A.Фибби Буффе', 46, 0, 0, 0, 0, 0, 0),
(1450, '5B.Black', 46, 0, 0, 0, 0, 0, 0),
(1451, '12D.Агент СбУ Эрин', 46, 0, 0, 0, 0, 0, 0),
(1452, '1A.Q', 46, 0, 1, 0, 5, 1, 0),
(1453, '14D.Ёжик', 46, 15, 0, 0, 3, 0, 0),
(1454, '3B.Vagrant', 46, 0, 0, 0, 7, 0, 0),
(1455, '8C.Шерлок', 46, 15, 8, 0, 0, 0, 0),
(1456, '23C.Винсент', 46, 15, 0, 0, 0, 0, 0),
(1900, '16C.Алексис', 91, 0, 0, 0, 9, 0, 0),
(1899, '21B.Кенни', 91, 15, 1, 0, 0, 0, 0),
(1898, '2C.Мишель', 91, 15, 1, 0, 0, 0, 0),
(1897, '4D.Хірург', 91, 0, 0, 0, 0, 0, 0),
(1662, '24B.Mary', 67, 15, 0, 0, 0, 0, 0),
(1661, '12A.Капитан СбУ RiТ', 67, 15, 2, 0, 0, 0, 0),
(1660, '4B.Джульетта', 67, 0, 0, 0, 8, 0, 0),
(1659, '1D.Спок', 67, 15, 3, 0, 1, 0, 0),
(1658, '14B.Тракієць', 67, 0, 0, 0, 2, 0, 0),
(1657, '20B.Амахонда', 67, 15, 0, 3, 0, 0, 0),
(1477, '3B.Vagrant', 49, 15, 0, 0, 4, 0, 0),
(1478, '20C.Кика', 49, 0, 0, 0, 0, 0, 0),
(1479, '11C.Yes', 49, 15, 2, 0, 0, 0, 0),
(1480, '2D.Центр', 49, 0, 0, 0, 0, 0, 0),
(1481, '23A.Панда', 49, 0, 0, 0, 0, 0, 0),
(1482, '17B.Дон Рамино', 49, 15, 8, 0, 0, 0, 0),
(1483, '7C.Граф', 49, 0, 0, 0, 0, 1, 0),
(1484, '4A.Snoopy:)', 49, 0, 0, 0, 6, 0, 0),
(1485, '18C.Локос', 49, 0, 0, 0, 5, 0, 0),
(1486, '9A.Май', 49, 0, 0, 0, 0, 1, 0),
(1487, '15C.Лиса', 50, 15, 2, 6, 3, 0, 0),
(1488, '11B.Ятна', 50, 15, 2, 0, 5, 1, 0),
(1489, '9C.Мерил', 50, 15, 0, 0, 1, 0, 0),
(1490, '5D.Gans', 50, 0, 0, 0, 0, 0, 0),
(1491, '13C.Констанция', 50, 15, 0, 0, 0, 0, 0),
(1492, '24C.Эхо', 50, 15, 0, 0, 0, 0, 0),
(1493, '22B.Just', 50, 15, 1, 0, 1, 0, 0),
(1494, '17A.R2D2', 50, 15, 5, 0, 0, 0, 0),
(1495, '14C.Заяц', 50, 0, 0, 0, 6, 0, 0),
(1496, '3B.Vagrant', 50, 0, 0, 0, 4, 1, 0),
(1506, '20D.Борщ', 51, 0, 0, 0, 0, 0, 0),
(1507, '23B.Fox', 52, 15, 0, 0, 1, 0, 0),
(1508, '16C.Алексис', 52, 15, 0, 0, 5, 0, 0),
(1509, '21D.Ніграма', 52, 15, 3, 0, 0, 0, 0),
(1510, '2C.Мишель', 52, 0, 0, 0, 1, 0, 0),
(1511, '25B.Кошка/По', 52, 0, 0, 0, 1, 0, 0),
(1512, '4D.Хірург', 52, 15, 3, 0, 0, 0, 0),
(1513, '12A.Капитан СбУ RiТ', 52, 0, 1, 0, 0, 0, 0),
(1514, '22A.blink', 52, 15, 0, 0, 0, 1, 0),
(1515, '6C.Артист', 52, 15, 0, 0, 8, 0, 0),
(1516, '20A.Фибби Буффе', 52, 15, 3, 0, 4, 0, 0),
(1525, '13A.Керриган', 53, 15, 7, 0, 0, 0, 0),
(1526, '8A.Klepantino', 53, 15, 2, 0, 4, 0, 0),
(1527, '2B.Brew\\Тони', 54, 15, 0, 0, 0, 0, 0),
(1528, '20D.Борщ', 54, 0, 0, 0, 0, 1, 5),
(1529, '13A.Керриган', 54, 0, 0, 0, 0, 0, 0),
(1530, '15B.Леон', 54, 15, 0, 0, 0, 0, 0),
(1531, '8C.Шерлок', 54, 15, 0, 0, 0, 0, 0),
(1532, '17B.Дон Рамино', 54, 15, 6, 0, 4, 0, 0),
(1533, '7B.Командор', 54, 15, 1, 0, 6, 0, 5),
(1534, '25A.Точка/Ла-Ла', 54, 15, 0, 0, 2, 0, 0),
(1535, '23D.Клюква', 54, 0, 0, 0, 8, 1, 0),
(1536, '9B.Вынос Мозга', 54, 15, 3, 0, 0, 0, 0),
(1546, '15D.Кас (Чернигов)', 55, 15, 0, 3, 0, 0, 0),
(1547, '15C.Лиса', 56, 15, 2, 0, 2, 0, 0),
(1548, '24A.Хохол', 56, 15, 0, 0, 0, 0, 0),
(1549, '3B.Vagrant', 56, 0, 0, 0, 1, 0, 0),
(1550, '4C.Джесс', 56, 15, 0, 0, 8, 0, 0),
(1551, '16B.Angelo', 56, 15, 0, 0, 1, 0, 0),
(1552, '14D.Ёжик', 56, 15, 0, 0, 0, 0, 0),
(1553, '23B.Fox', 56, 0, 0, 0, 3, 0, 0),
(1554, '20A.Фибби Буффе', 56, 0, 1, 0, 0, 1, 0),
(1555, '2C.Мишель', 56, 15, 3, 0, 2, 0, 0),
(1556, '6C.Артист', 56, 15, 4, 0, 3, 1, 0),
(1570, '25C.Арлекино/Тинки', 58, 15, 1, 0, 1, 0, 0),
(1571, '16C.Алексис', 58, 15, 0, 0, 0, 0, 0),
(1572, '1B.Fill', 58, 0, 0, 0, 1, 0, 0),
(1573, '10A.Кай', 58, 15, 2, 3, 8, 0, 0),
(1574, '5C.Voland', 58, 0, 0, 0, 0, 0, 0),
(1575, '8D.Dari', 58, 15, 6, 0, 7, 0, 0),
(1576, '7D.Зара', 58, 15, 0, 0, 2, 0, 0),
(1585, '15D.Кас (Чернигов)', 59, 0, 0, 0, 0, 0, 0),
(1586, '13D.Эмоциональный', 59, 0, 0, 0, 0, 0, 0),
(1594, '24C.Эхо', 60, 0, 0, 0, 0, 1, 0),
(1595, '13B.Альфа', 60, 0, 0, 0, 0, 0, 0),
(1596, '18C.Локос', 60, 15, 0, 0, 1, 0, 0),
(1597, '16C.Алексис', 61, 0, 0, 0, 1, 0, 0),
(1598, '24A.Хохол', 61, 0, 2, 0, 4, 0, 0),
(1599, '2C.Мишель', 61, 15, 3, 0, 6, 0, 0),
(1600, '5D.Gans', 61, 0, 0, 0, 0, 0, 0),
(1601, '18D.Lawliet', 61, 0, 0, 0, 0, 1, 0),
(1602, '7B.Командор', 61, 0, 0, 0, 0, 0, 0),
(1603, '8B.Chilly Willy', 61, 15, 4, 0, 0, 0, 0),
(1604, '12C.Агент СбУ Шкода', 61, 15, 1, 0, 0, 0, 0),
(1605, '11A.Сарказм', 61, 0, 0, 0, 0, 1, 0),
(1606, '6B.Паника', 61, 0, 0, 0, 9, 1, 0),
(1620, '12B.Агент СбУ Бордо', 63, 0, 0, 0, 5, 0, 0),
(1621, '18A.Trevery', 63, 0, 2, 0, 0, 0, 0),
(1622, '22A.blink', 63, 15, 5, 0, 0, 0, 0),
(1623, '20D.Борщ', 63, 15, 0, 0, 0, 0, 0),
(1624, '15C.Лиса', 63, 15, 0, 0, 2, 1, 0),
(1625, '3C.Stone Cold', 63, 15, 3, 0, 6, 0, 0),
(1626, '23D.Клюква', 63, 0, 0, 0, 3, 0, 0),
(1634, '24B.Mary', 64, 15, 0, 3, 0, 0, 0),
(1635, '6A.Kurt', 64, 15, 0, 0, 8, 0, 0),
(1636, '23B.Fox', 64, 15, 0, 0, 2, 0, 0),
(1637, '19D.І. Багряний', 65, 0, 0, 0, 0, 0, 0),
(1638, '14D.Ёжик', 65, 0, 0, 0, 0, 0, 0),
(1639, '11C.Yes', 65, 0, 2, 0, 0, 0, 0),
(1640, '17B.Дон Рамино', 65, 15, 4, 0, 0, 1, 0),
(1641, '2C.Мишель', 65, 0, 3, 0, 0, 0, 0),
(1642, '16B.Angelo', 65, 15, 0, 0, 0, 1, 0),
(1643, '12A.Капитан СбУ RiТ', 65, 0, 0, 0, 0, 0, 0),
(1644, '10C.Лисс', 65, 0, 1, 0, 0, 0, 0),
(1645, '13C.Констанция', 65, 0, 0, 0, 0, 0, 0),
(1646, '22C.Nif', 65, 15, 0, 0, 0, 1, 0),
(1647, '21D.Ніграма', 66, 0, 0, 0, 0, 0, 0),
(1648, '23C.Винсент', 66, 15, 0, 0, 0, 0, 0),
(1649, '1С.Рио', 66, 15, 5, 0, 0, 0, 0),
(1650, '15A.Каре', 66, 0, 0, 0, 1, 0, 0),
(1651, '3C.Stone Cold', 66, 15, 0, 0, 7, 0, 0),
(1652, '8A.Klepantino', 66, 15, 0, 0, 2, 0, 0),
(1653, '25B.Кошка/По', 66, 0, 0, 0, 7, 0, 0),
(1654, '19A.Кролик', 66, 15, 2, 0, 3, 0, 0),
(1655, '20B.Амахонда', 66, 15, 3, 0, 0, 0, 0),
(1656, '11A.Сарказм', 66, 15, 0, 0, 0, 1, 0),
(1663, '7D.Зара', 67, 0, 0, 0, 1, 0, 0),
(1664, '23C.Винсент', 67, 15, 0, 0, 0, 0, 0),
(1665, '8B.Chilly Willy', 67, 15, 1, 0, 0, 0, 0),
(1666, '6A.Kurt', 67, 15, 4, 0, 8, 0, 0),
(1913, '25A.Точка/Ла-Ла', 92, 15, 2, 0, 0, 1, 5),
(1912, '12D.Агент СбУ Эрин', 92, 0, 0, 0, 7, 0, 0),
(1911, '1B.Fill', 92, 15, 1, 0, 2, 0, 0),
(1910, '10C.Лисс', 92, 0, 0, 0, 1, 0, 0),
(1909, '19A.Кролик', 92, 0, 0, 0, 2, 0, 0),
(1908, '6C.Артист', 92, 15, 0, 0, 8, 0, 0),
(1907, '21A.Антонио', 92, 15, 0, 0, 0, 0, 0),
(1677, '17C.Questra', 69, 15, 0, 0, 4, 0, 0),
(1678, '1D.Спок', 69, 15, 0, 0, 1, 1, 0),
(1679, '13D.Эмоциональный', 69, 0, 1, 0, 0, 0, 0),
(1680, '10B.Латвия', 69, 15, 5, 0, 9, 0, 0),
(1681, '22D.Капитан Морган', 69, 0, 0, 0, 0, 0, 0),
(1682, '25C.Арлекино/Тинки', 69, 15, 0, 0, 0, 0, 0),
(1683, '23D.Клюква', 69, 15, 0, 0, 0, 0, 0),
(1684, '4A.Snoopy:)', 69, 15, 3, 0, 3, 0, 0),
(1685, '20D.Борщ', 69, 0, 0, 0, 0, 0, 0),
(1686, '2B.Brew\\Тони', 69, 15, 1, 0, 3, 1, 0),
(1687, '4B.Джульетта', 70, 0, 0, 0, 2, 0, 0),
(1688, '25A.Точка/Ла-Ла', 70, 0, 0, 0, 0, 0, 0),
(1689, '10A.Кай', 70, 0, 0, 0, 1, 0, 0),
(1690, '1A.Q', 70, 0, 0, 0, 8, 1, 0),
(1691, '2A.Runaway', 70, 0, 0, 0, 0, 0, 0),
(1692, '7C.Граф', 70, 0, 0, 0, 0, 0, 0),
(1693, '13C.Констанция', 70, 15, 3, 0, 0, 0, 0),
(1694, '6C.Артист', 70, 0, 3, 0, 9, 0, 0),
(1695, '5C.Voland', 70, 15, 1, 0, 0, 0, 0),
(1696, '17A.R2D2', 70, 15, 3, 0, 0, 0, 0),
(1697, '15C.Лиса', 71, 0, 0, 0, 0, 0, 0),
(1698, '17D.Бамбук', 71, 15, 0, 0, 0, 0, 0),
(1699, '9D.Фетиш', 71, 0, 4, 0, 6, 0, 0),
(1700, '14C.Заяц', 71, 15, 0, 0, 7, 0, 0),
(1701, '19D.І. Багряний', 71, 15, 6, 0, 0, 0, 0),
(1702, '12C.Агент СбУ Шкода', 71, 0, 0, 0, 0, 0, 0),
(1703, '24B.Mary', 71, 0, 0, 3, 1, 0, 0),
(1704, '23B.Fox', 71, 0, 0, 0, 0, 0, 0),
(1705, '5D.Gans', 71, 0, 0, 0, 3, 0, 0),
(1706, '8B.Chilly Willy', 71, 0, 0, 0, 3, 0, 0),
(1707, '20C.Кика', 72, 0, 0, 0, 0, 0, 0),
(1708, '9B.Вынос Мозга', 72, 0, 0, 0, 0, 0, 0),
(1709, '24C.Эхо', 72, 0, 0, 0, 3, 0, 0),
(1710, '7A.Изюм', 72, 0, 0, 0, 4, 0, 0),
(1711, '21A.Антонио', 72, 15, 1, 0, 0, 0, 0),
(1712, '8D.Dari', 72, 15, 6, 0, 2, 0, 0),
(1713, '14B.Тракієць', 72, 0, 0, 0, 3, 0, 0),
(1714, '22B.Just', 72, 0, 0, 0, 8, 0, 0),
(1715, '18A.Trevery', 72, 15, 3, 0, 0, 0, 0),
(1716, '10D.DoYou', 72, 0, 0, 0, 0, 1, 0),
(1717, '18B.Гармония', 73, 15, 0, 0, 0, 0, 0),
(1718, '16D.Батько', 73, 15, 0, 0, 1, 0, 0),
(1719, '14A.Француженка', 73, 0, 0, 0, 0, 0, 0),
(1720, '22C.Nif', 73, 0, 1, 0, 0, 0, 0),
(1721, '15B.Леон', 73, 15, 0, 0, 0, 0, 0),
(1722, '7D.Зара', 73, 15, 0, 3, 0, 0, 0),
(1723, '6D.Космос', 73, 15, 3, 0, 7, 0, 0),
(1724, '3A.Borman', 73, 15, 6, 0, 9, 0, 0),
(1725, '12D.Агент СбУ Эрин', 73, 0, 0, 0, 0, 0, 0),
(1726, '10C.Лисс', 73, 15, 0, 0, 3, 0, 0),
(1727, '18C.Локос', 74, 15, 0, 0, 1, 0, 0),
(1728, '11B.Ятна', 74, 15, 5, 0, 0, 0, 0),
(1729, '15D.Кас (Чернигов)', 74, 0, 0, 0, 0, 0, 0),
(1730, '16B.Angelo', 74, 0, 4, 0, 0, 1, 0),
(1731, '4C.Джесс', 74, 0, 0, 0, 9, 0, 0),
(1732, '2D.Центр', 74, 0, 0, 0, 0, 1, 0),
(1733, '6A.Kurt', 74, 15, 1, 0, 9, 0, 0),
(1734, '24A.Хохол', 74, 0, 0, 0, 1, 0, 0),
(1735, '5A.Artist', 74, 0, 0, 0, 0, 0, 0),
(1736, '12B.Агент СбУ Бордо', 74, 0, 0, 0, 0, 1, 0),
(1737, '24D.Святой', 75, 15, 1, 0, 0, 0, 0),
(1738, '17B.Дон Рамино', 75, 0, 2, 0, 9, 1, 0),
(1739, '11D.Амбал', 75, 0, 3, 6, 0, 0, 0),
(1740, '3D.Hank Moody', 75, 0, 0, 0, 1, 1, 0),
(1741, '9A.Май', 75, 15, 4, 0, 0, 0, 0),
(1742, '13A.Керриган', 75, 0, 0, 0, 0, 1, 0),
(1743, '6B.Паника', 75, 15, 0, 0, 7, 0, 0),
(1744, '16A.Tesla', 75, 0, 0, 0, 1, 0, 0),
(1745, '19C.Іскра', 75, 0, 0, 0, 2, 0, 0),
(1746, '18D.Lawliet', 75, 0, 0, 0, 0, 0, 0),
(1747, '23D.Клюква', 76, 15, 3, 0, 8, 0, 0),
(1748, '16B.Angelo', 76, 15, 0, 0, 5, 0, 0),
(1749, '10A.Кай', 76, 0, 0, 0, 2, 0, 0),
(1750, '19C.Іскра', 76, 15, 0, 3, 2, 0, 0),
(1751, '22A.blink', 76, 15, 4, 0, 0, 0, 0),
(1752, '3D.Hank Moody', 76, 0, 0, 0, 0, 0, 0),
(1753, '20C.Кика', 76, 0, 0, 0, 0, 0, 0),
(1754, '17D.Бамбук', 76, 15, 0, 0, 2, 1, 0),
(1755, '2D.Центр', 76, 15, 3, 0, 1, 0, 0),
(1756, '12C.Агент СбУ Шкода', 76, 15, 0, 0, 0, 0, 0),
(1757, '20A.Фибби Буффе', 77, 7, 1, 0, 3, 0, 0),
(1758, '21C.Альва', 77, 7, 0, 0, 0, 0, 0),
(1759, '25D.Серж/Дипси', 77, 7, 3, 0, 0, 1, 0),
(1760, '5B.Black', 77, 7, 0, 0, 7, 0, 0),
(1761, '13B.Альфа', 77, 7, 0, 0, 0, 0, 0),
(1762, '11C.Yes', 77, 7, 5, 0, 0, 1, 0),
(1763, '19B.Sheriff', 77, 7, 0, 0, 8, 0, 0),
(1764, '1B.Fill', 77, 7, 1, 0, 2, 0, 0),
(1765, '7B.Командор', 77, 7, 0, 0, 0, 0, 0),
(1766, '23A.Панда', 77, 7, 0, 0, 0, 1, 0),
(1841, '8A.Klepantino', 85, 15, 3, 0, 1, 0, 0),
(1840, '18B.Гармония', 85, 0, 0, 0, 0, 0, 0),
(1839, '19B.Sheriff', 85, 15, 0, 0, 3, 0, 0),
(1838, '22C.Nif', 85, 15, 0, 0, 0, 0, 0),
(1837, '2C.Мишель', 85, 15, 3, 0, 0, 0, 0),
(1836, '9A.Май', 84, 0, 0, 0, 0, 1, 0),
(1835, '3A.Borman', 84, 15, 1, 0, 1, 1, 0),
(1777, '24C.Эхо', 79, 0, 0, 0, 1, 0, 0),
(1778, '25B.Кошка/По', 79, 15, 4, 0, 5, 0, 0),
(1779, '7D.Зара', 79, 15, 1, 0, 1, 0, 0),
(1780, '22B.Just', 79, 15, 3, 0, 2, 0, 0),
(1781, '11D.Амбал', 79, 15, 2, 0, 0, 0, 0),
(1782, '8B.Chilly Willy', 79, 15, 0, 0, 1, 0, 0),
(1783, '17C.Questra', 79, 0, 0, 0, 1, 0, 0),
(1784, '23B.Fox', 79, 15, 0, 0, 0, 0, 0),
(1785, '6A.Kurt', 79, 15, 0, 0, 8, 0, 0),
(1786, '21C.Альва', 79, 0, 0, 0, 1, 0, 0),
(1787, '14A.Француженка', 80, 0, 0, 0, 0, 0, 0),
(1788, '20A.Фибби Буффе', 80, 0, 0, 0, 2, 1, 0),
(1789, '6D.Космос', 80, 15, 5, 0, 8, 0, 0),
(1790, '25C.Арлекино/Тинки', 80, 0, 0, 0, 0, 0, 0),
(1791, '3A.Borman', 80, 0, 0, 0, 4, 0, 0),
(1792, '1B.Fill', 80, 0, 3, 0, 0, 0, 0),
(1793, '2B.Brew\\Тони', 80, 0, 0, 0, 6, 1, 0),
(1794, '9A.Май', 80, 0, 0, 0, 0, 0, 0),
(1795, '15D.Кас (Чернигов)', 80, 15, 0, 0, 0, 0, 0),
(1796, '23A.Панда', 80, 15, 2, 0, 0, 0, 0),
(1804, '24B.Mary', 81, 15, 2, 0, 0, 0, 0),
(1805, '1B.Fill', 81, 0, 0, 0, 9, 0, 0),
(1806, '6D.Космос', 81, 0, 0, 0, 3, 0, 0),
(1846, '13A.Керриган', 85, 0, 0, 0, 0, 0, 0),
(1845, '1С.Рио', 85, 0, 0, 0, 0, 0, 0),
(1844, '3C.Stone Cold', 85, 15, 2, 0, 6, 0, 0),
(1843, '17B.Дон Рамино', 85, 15, 0, 0, 0, 0, 0),
(1842, '4C.Джесс', 85, 15, 2, 0, 5, 1, 0),
(1817, '10D.DoYou', 83, 0, 4, 0, 0, 1, 0),
(1818, '9D.Фетиш', 83, 15, 0, 0, 1, 0, 0),
(1819, '1A.Q', 83, 0, 0, 0, 6, 1, 0),
(1820, '5D.Gans', 83, 0, 0, 0, 0, 0, 0),
(1821, '4D.Хірург', 83, 0, 0, 0, 0, 0, 0),
(1822, '16A.Tesla', 83, 0, 0, 0, 0, 0, 0),
(1823, '8D.Dari', 83, 15, 3, 0, 3, 1, 0),
(1824, '15A.Каре', 83, 15, 3, 0, 2, 0, 0),
(1825, '14C.Заяц', 83, 0, 0, 0, 8, 0, 0),
(1826, '19D.І. Багряний', 83, 0, 0, 0, 0, 0, 0),
(1847, '13D.Эмоциональный', 86, 15, 0, 0, 1, 0, 0),
(1848, '12B.Агент СбУ Бордо', 86, 15, 4, 0, 0, 0, 0),
(1849, '11A.Сарказм', 86, 15, 0, 3, 0, 1, 0),
(1850, '18D.Lawliet', 86, 0, 5, 0, 0, 0, 0),
(1851, '4A.Snoopy:)', 86, 15, 1, 0, 8, 1, 0),
(1852, '14D.Ёжик', 86, 0, 0, 0, 1, 0, 0),
(1853, '7C.Граф', 86, 15, 0, 0, 0, 0, 0),
(1854, '5B.Black', 86, 15, 0, 0, 5, 0, 0),
(1855, '25A.Точка/Ла-Ла', 86, 0, 0, 0, 5, 1, 0),
(1856, '22D.Капитан Морган', 86, 15, 0, 0, 0, 0, 0),
(1857, '24D.Святой', 87, 15, 2, 0, 0, 1, 0),
(1858, '11C.Yes', 87, 0, 0, 0, 0, 0, 0),
(1859, '17A.R2D2', 87, 0, 0, 0, 0, 0, 0),
(1860, '20D.Борщ', 87, 15, 0, 0, 0, 1, 0),
(1861, '14B.Тракієць', 87, 0, 0, 0, 4, 0, 0),
(1862, '23C.Винсент', 87, 15, 2, 0, 0, 1, 0),
(1863, '13B.Альфа', 87, 15, 4, 0, 0, 0, 0),
(1864, '25D.Серж/Дипси', 87, 15, 0, 0, 1, 0, 0),
(1865, '5A.Artist', 87, 15, 0, 0, 5, 0, 0),
(1866, '16D.Батько', 87, 15, 2, 0, 0, 0, 0),
(1867, '12A.Капитан СбУ RiТ', 88, 0, 0, 0, 0, 0, 0),
(1868, '9B.Вынос Мозга', 88, 0, 0, 0, 1, 0, 0),
(1869, '16C.Алексис', 88, 0, 0, 0, 6, 0, 0),
(1870, '10C.Лисс', 88, 0, 0, 0, 3, 0, 0),
(1871, '20B.Амахонда', 88, 15, 6, 0, 0, 0, 0),
(1872, '24B.Mary', 88, 15, 2, 0, 0, 0, 0),
(1873, '3B.Vagrant', 88, 15, 0, 0, 7, 0, 0),
(1874, '19A.Кролик', 88, 0, 0, 0, 1, 0, 0),
(1875, '15C.Лиса', 88, 0, 0, 0, 0, 1, 0),
(1876, '21A.Антонио', 88, 0, 2, 0, 2, 0, 0),
(1877, '6B.Паника', 89, 15, 3, 0, 7, 0, 0),
(1878, '1D.Спок', 89, 0, 0, 0, 0, 1, 0),
(1879, '13C.Констанция', 89, 0, 0, 0, 0, 0, 0),
(1880, '21D.Ніграма', 89, 0, 0, 0, 0, 0, 0),
(1881, '4B.Джульетта', 89, 15, 5, 0, 3, 0, 0),
(1882, '12D.Агент СбУ Эрин', 89, 0, 0, 0, 0, 0, 0),
(1883, '7A.Изюм', 89, 0, 0, 0, 9, 0, 0),
(1884, '2A.Runaway', 89, 15, 2, 0, 1, 1, 0),
(1885, '8C.Шерлок', 89, 0, 0, 0, 0, 0, 0),
(1886, '18A.Trevery', 89, 0, 0, 0, 0, 0, 0),
(1887, '18C.Локос', 90, 0, 3, 0, 2, 0, 0),
(1888, '5C.Voland', 90, 15, 5, 0, 0, 0, 0),
(1889, '10B.Латвия', 90, 15, 2, 0, 5, 0, 0),
(1890, '15B.Леон', 90, 15, 0, 0, 0, 0, 0),
(1891, '24A.Хохол', 90, 0, 0, 0, 2, 0, 0),
(1892, '21B.Кенни', 90, 0, 0, 0, 0, 0, 0),
(1893, '6C.Артист', 90, 0, 0, 0, 8, 1, 0),
(1894, '11B.Ятна', 90, 0, 0, 0, 0, 0, 0),
(1895, '9C.Мерил', 90, 0, 0, 0, 3, 0, 0),
(1896, '7B.Командор', 90, 0, 0, 0, 0, 0, 0),
(1914, '16D.Батько', 92, 15, 0, 0, 0, 0, 0),
(1915, '17D.Бамбук', 92, 15, 1, 6, 0, 1, 0),
(1916, '22C.Nif', 92, 15, 6, 0, 0, 1, 0),
(1917, '9B.Вынос Мозга', 93, 0, 0, 0, 0, 0, 0),
(1918, '11B.Ятна', 93, 0, 1, 0, 0, 1, 0),
(1919, '2B.Brew\\Тони', 93, 0, 0, 0, 4, 0, 0),
(1920, '3A.Borman', 93, 15, 0, 0, 3, 0, 0),
(1921, '13C.Констанция', 93, 0, 0, 0, 0, 0, 0),
(1922, '16A.Tesla', 93, 0, 0, 0, 0, 0, 0),
(1923, '6B.Паника', 93, 0, 1, 0, 8, 0, 0),
(1924, '4D.Хірург', 93, 15, 4, 0, 0, 1, 0),
(1925, '19B.Sheriff', 93, 0, 0, 0, 3, 0, 0),
(1926, '22B.Just', 93, 15, 0, 0, 2, 0, 0),
(1927, '12D.Агент СбУ Эрин', 94, 0, 0, 0, 0, 0, 0),
(1928, '15D.Кас (Чернигов)', 94, 15, 0, 0, 0, 0, 0),
(1929, '23D.Клюква', 94, 0, 0, 0, 8, 0, 0),
(1930, '25A.Точка/Ла-Ла', 94, 15, 0, 0, 2, 0, 0),
(1931, '7A.Изюм', 94, 15, 0, 0, 0, 0, 0),
(1932, '8A.Klepantino', 94, 15, 0, 0, 0, 0, 0),
(1933, '22C.Nif', 94, 15, 2, 0, 0, 0, 0),
(1934, '6C.Артист', 94, 15, 0, 3, 5, 0, 0),
(1935, '3C.Stone Cold', 94, 15, 8, 0, 5, 0, 0),
(1936, '18D.Lawliet', 94, 0, 0, 0, 0, 0, 0),
(1937, '12A.Капитан СбУ RiТ', 95, 0, 0, 0, 0, 0, 0),
(1938, '9C.Мерил', 95, 0, 0, 0, 0, 0, 0),
(1939, '22A.blink', 95, 0, 0, 0, 0, 0, 0),
(1940, '1D.Спок', 95, 0, 0, 0, 0, 0, 0),
(1941, '16B.Angelo', 95, 15, 0, 0, 8, 0, 0),
(1942, '4C.Джесс', 95, 0, 0, 0, 9, 0, 0),
(1943, '17A.R2D2', 95, 0, 3, 0, 0, 1, 0),
(1944, '18A.Trevery', 95, 0, 0, 0, 2, 1, 0),
(1945, '20A.Фибби Буффе', 95, 15, 6, 0, 1, 0, 0),
(1946, '5C.Voland', 95, 15, 1, 0, 0, 0, 0),
(1947, '16C.Алексис', 96, 0, 0, 0, 2, 0, 0),
(1948, '14D.Ёжик', 96, 15, 0, 0, 4, 0, 0),
(1949, '5A.Artist', 96, 0, 0, 0, 4, 0, 0),
(1950, '13D.Эмоциональный', 96, 15, 0, 0, 1, 0, 0),
(1951, '21D.Ніграма', 96, 15, 2, 0, 0, 0, 0),
(1952, '10A.Кай', 96, 15, 0, 0, 0, 1, 0),
(1953, '4B.Джульетта', 96, 15, 2, 0, 8, 0, 0),
(1954, '11D.Амбал', 96, 0, 4, 0, 1, 1, 0),
(1955, '15B.Леон', 96, 15, 0, 0, 0, 0, 0),
(1956, '24D.Святой', 96, 15, 4, 0, 0, 0, 0),
(1957, '8B.Chilly Willy', 97, 15, 3, 0, 3, 0, 0),
(1958, '25C.Арлекино/Тинки', 97, 0, 0, 0, 0, 0, 0),
(1959, '17D.Бамбук', 97, 0, 1, 0, 3, 1, 0),
(1960, '3D.Hank Moody', 97, 0, 0, 0, 0, 0, 0),
(1961, '24C.Эхо', 97, 15, 0, 0, 5, 1, 0),
(1962, '9A.Май', 97, 0, 0, 0, 0, 0, 0),
(1963, '2D.Центр', 97, 15, 6, 0, 2, 1, 0),
(1964, '18C.Локос', 97, 0, 0, 0, 6, 0, 0),
(1965, '15C.Лиса', 97, 0, 0, 0, 1, 0, 0),
(1966, '12C.Агент СбУ Шкода', 97, 0, 0, 0, 0, 0, 0),
(1967, '11C.Yes', 98, 0, 0, 0, 0, 0, 0),
(1968, '6D.Космос', 98, 15, 0, 0, 7, 0, 0),
(1969, '3B.Vagrant', 98, 0, 0, 0, 4, 0, 0),
(1970, '25D.Серж/Дипси', 98, 15, 0, 0, 6, 0, 0),
(1971, '19C.Іскра', 98, 15, 0, 0, 3, 0, 0),
(1972, '14A.Француженка', 98, 15, 0, 0, 0, 0, 0),
(1973, '2A.Runaway', 98, 15, 1, 0, 0, 0, 0),
(1974, '13B.Альфа', 98, 15, 1, 0, 0, 0, 0),
(1975, '23B.Fox', 98, 15, 7, 0, 0, 0, 0),
(1976, '8C.Шерлок', 98, 0, 1, 0, 0, 0, 0),
(1977, '1С.Рио', 99, 15, 0, 0, 0, 0, 0),
(1978, '18B.Гармония', 99, 0, 0, 0, 0, 0, 0),
(1979, '2C.Мишель', 99, 0, 1, 0, 1, 0, 0),
(1980, '10B.Латвия', 99, 15, 6, 0, 10, 0, 0),
(1981, '15A.Каре', 99, 0, 0, 0, 0, 0, 0),
(1982, '19D.І. Багряний', 99, 15, 3, 0, 0, 0, 0),
(1983, '5D.Gans', 99, 0, 0, 0, 0, 0, 0),
(1984, '20C.Кика', 99, 0, 0, 0, 0, 0, 0),
(1985, '22D.Капитан Морган', 99, 0, 0, 0, 0, 0, 0),
(1986, '6A.Kurt', 99, 0, 0, 0, 9, 0, 0),
(1987, '17B.Дон Рамино', 100, 15, 0, 0, 0, 0, 0),
(1988, '10C.Лисс', 100, 0, 0, 0, 3, 0, 0),
(1989, '8D.Dari', 100, 0, 0, 0, 6, 0, 0),
(1990, '14B.Тракієць', 100, 15, 1, 0, 3, 0, 0),
(1991, '1B.Fill', 100, 15, 0, 0, 7, 0, 0),
(1992, '20B.Амахонда', 100, 15, 0, 6, 0, 0, 0),
(1993, '16D.Батько', 100, 15, 3, 0, 0, 0, 0),
(1994, '23C.Винсент', 100, 15, 5, 0, 0, 0, 0),
(1995, '7C.Граф', 100, 0, 0, 0, 0, 0, 0),
(1996, '21C.Альва', 100, 15, 1, 0, 1, 0, 0),
(1997, '18D.Lawliet', 101, 0, 0, 0, 0, 0, 0),
(1998, '21D.Ніграма', 101, 0, 0, 0, 0, 0, 0),
(1999, '23C.Винсент', 101, 0, 0, 0, 0, 1, 0),
(2000, '22C.Nif', 101, 15, 0, 3, 0, 0, 0),
(2001, '5D.Gans', 101, 15, 0, 0, 0, 0, 0),
(2002, '17A.R2D2', 101, 15, 0, 0, 1, 0, 0),
(2003, '14C.Заяц', 101, 15, 0, 0, 6, 1, 0),
(2004, '1B.Fill', 101, 15, 0, 0, 3, 0, 0),
(2005, '11D.Амбал', 101, 15, 4, 0, 0, 1, 0),
(2006, '9A.Май', 101, 15, 6, 0, 0, 0, 0),
(2036, '13A.Керриган', 102, 15, 0, 0, 0, 1, 0),
(2035, '25B.Кошка/По', 102, 15, 0, 0, 2, 0, 0),
(2034, '21B.Кенни', 102, 15, 0, 0, 0, 0, 0),
(2033, '7B.Командор', 102, 15, 4, 0, 1, 0, 0),
(2032, '19A.Кролик', 102, 15, 0, 0, 3, 0, 0),
(2031, '24A.Хохол', 102, 0, 0, 0, 7, 0, 0),
(2030, '9D.Фетиш', 102, 0, 1, 0, 2, 0, 0),
(2029, '20D.Борщ', 102, 15, 0, 0, 0, 0, 0),
(2028, '1A.Q', 102, 0, 0, 0, 3, 1, 0),
(2027, '17C.Questra', 102, 15, 5, 0, 2, 1, 0),
(2038, '21C.Альва', 103, 0, 0, 0, 1, 0, 0),
(2039, '3A.Borman', 103, 15, 0, 0, 8, 0, 0),
(2040, '17B.Дон Рамино', 103, 0, 6, 0, 1, 0, 0),
(2041, '1D.Спок', 103, 15, 1, 0, 0, 1, 0),
(2042, '23A.Панда', 103, 0, 0, 0, 0, 1, 0),
(2043, '22C.Nif', 103, 0, 3, 0, 0, 0, 0),
(2044, '10C.Лисс', 103, 0, 0, 0, 9, 1, 0),
(2045, '16A.Tesla', 103, 0, 0, 0, 0, 0, 0),
(2046, '13D.Эмоциональный', 103, 15, 0, 0, 1, 0, 0),
(2047, '20C.Кика', 103, 0, 0, 0, 0, 0, 0),
(2048, '15D.Кас (Чернигов)', 104, 15, 0, 3, 0, 0, 0),
(2049, '22A.blink', 104, 15, 5, 0, 0, 0, 0),
(2050, '14B.Тракієць', 104, 0, 0, 0, 0, 0, 0),
(2051, '9C.Мерил', 104, 15, 0, 0, 2, 0, 0),
(2052, '6C.Артист', 104, 15, 3, 0, 7, 0, 0),
(2053, '5A.Artist', 104, 15, 0, 0, 2, 0, 0),
(2054, '19A.Кролик', 104, 15, 2, 0, 6, 0, 0),
(2055, '16C.Алексис', 104, 0, 0, 0, 2, 0, 0),
(2056, '2D.Центр', 104, 15, 0, 0, 0, 0, 0),
(2057, '25D.Серж/Дипси', 104, 0, 0, 0, 1, 0, 0),
(2058, '20B.Амахонда', 105, 15, 2, 0, 0, 0, 0),
(2059, '22D.Капитан Морган', 105, 0, 0, 0, 0, 0, 0),
(2060, '16D.Батько', 105, 15, 0, 0, 0, 0, 0),
(2061, '21D.Ніграма', 105, 15, 0, 0, 0, 0, 0),
(2062, '23D.Клюква', 105, 15, 1, 0, 2, 0, 0),
(2063, '24B.Mary', 105, 15, 4, 0, 0, 0, 0),
(2064, '1A.Q', 105, 15, 1, 0, 8, 1, 0),
(2065, '19C.Іскра', 105, 0, 0, 0, 0, 0, 0),
(2066, '4A.Snoopy:)', 105, 0, 2, 0, 10, 0, 0),
(2067, '15B.Леон', 105, 15, 0, 3, 0, 0, 0),
(2068, '14D.Ёжик', 106, 0, 0, 0, 0, 0, 0),
(2069, '12A.Капитан СбУ RiТ', 106, 0, 0, 0, 0, 0, 0),
(2070, '3C.Stone Cold', 106, 0, 0, 0, 10, 0, 0),
(2071, '25A.Точка/Ла-Ла', 106, 0, 0, 0, 5, 0, 0),
(2072, '23C.Винсент', 106, 15, 5, 0, 0, 0, 0),
(2073, '5C.Voland', 106, 0, 0, 0, 0, 0, 0),
(2074, '11D.Амбал', 106, 15, 5, 0, 0, 1, 0),
(2075, '9A.Май', 106, 0, 0, 0, 0, 0, 0),
(2076, '10D.DoYou', 106, 15, 0, 0, 0, 1, 0),
(2077, '16B.Angelo', 106, 0, 0, 0, 0, 1, 0),
(2078, '10B.Латвия', 107, 0, 0, 0, 7, 0, 0),
(2079, '12B.Агент СбУ Бордо', 107, 0, 0, 0, 0, 0, 0),
(2080, '22B.Just', 107, 15, 4, 0, 3, 0, 0),
(2081, '1С.Рио', 107, 0, 1, 0, 0, 1, 0),
(2082, '3B.Vagrant', 107, 0, 0, 0, 2, 1, 0),
(2083, '7A.Изюм', 107, 0, 4, 0, 3, 0, 0),
(2084, '18D.Lawliet', 107, 0, 0, 0, 0, 0, 0),
(2085, '25C.Арлекино/Тинки', 107, 15, 1, 0, 0, 0, 0),
(2086, '17D.Бамбук', 107, 0, 0, 3, 5, 0, 0),
(2087, '5B.Black', 107, 15, 0, 0, 0, 0, 0),
(2089, '15B.Леон', 108, 0, 0, 0, 0, 0, 0),
(2090, '5B.Black', 108, 15, 4, 0, 1, 0, 0),
(2091, '7A.Изюм', 108, 0, 0, 0, 0, 0, 0),
(2092, '21C.Альва', 108, 0, 0, 0, 0, 0, 0),
(2093, '25D.Серж/Дипси', 108, 0, 0, 0, 0, 0, 0),
(2094, '3C.Stone Cold', 108, 15, 2, 0, 1, 0, 0),
(2095, '4A.Snoopy:)', 108, 0, 0, 3, 4, 0, 0),
(2096, '6C.Артист', 108, 0, 0, 0, 4, 0, 0),
(2097, '10B.Латвия', 108, 0, 4, 0, 9, 0, 0),
(2098, '14B.Тракієць', 108, 15, 0, 0, 1, 0, 0),
(2099, '6A.Kurt', 109, 0, 0, 0, 9, 0, 0),
(2100, '7B.Командор', 109, 0, 0, 0, 0, 0, 0),
(2101, '11B.Ятна', 109, 0, 0, 0, 0, 0, 0),
(2102, '4C.Джесс', 109, 0, 0, 0, 9, 0, 0),
(2103, '8C.Шерлок', 109, 15, 0, 0, 0, 0, 0),
(2104, '18A.Trevery', 109, 0, 0, 0, 0, 0, 0),
(2105, '24D.Святой', 109, 15, 2, 0, 0, 0, 0),
(2106, '20D.Борщ', 109, 15, 0, 0, 0, 0, 0),
(2107, '17C.Questra', 109, 0, 0, 0, 1, 0, 0),
(2108, '15C.Лиса', 109, 0, 0, 0, 1, 0, 0),
(2109, '12C.Агент СбУ Шкода', 110, 0, 0, 0, 0, 0, 0),
(2110, '15A.Каре', 110, 15, 0, 0, 0, 1, 0),
(2111, '5D.Gans', 110, 15, 0, 0, 0, 0, 0),
(2112, '4D.Хірург', 110, 15, 1, 0, 0, 0, 0),
(2113, '2B.Brew\\Тони', 110, 15, 0, 0, 0, 0, 0),
(2114, '6B.Паника', 110, 0, 0, 0, 0, 0, 0),
(2115, '8A.Klepantino', 110, 15, 0, 0, 0, 0, 0),
(2116, '19B.Sheriff', 110, 15, 4, 0, 0, 1, 0),
(2117, '9D.Фетиш', 110, 0, 2, 0, 0, 0, 0),
(2118, '21B.Кенни', 110, 15, 2, 0, 0, 0, 0),
(2119, '19B.Sheriff', 111, 15, 3, 0, 7, 0, 0),
(2120, '2D.Центр', 111, 15, 3, 0, 3, 0, 0),
(2121, '24C.Эхо', 111, 15, 0, 0, 0, 0, 0),
(2122, '15C.Лиса', 111, 0, 0, 0, 0, 1, 0),
(2123, '3D.Hank Moody', 111, 15, 0, 0, 0, 1, 0),
(2124, '16D.Батько', 111, 0, 0, 0, 0, 0, 0),
(2125, '11A.Сарказм', 111, 15, 2, 0, 0, 0, 0),
(2126, '25B.Кошка/По', 111, 0, 0, 0, 7, 0, 0),
(2127, '21A.Антонио', 111, 15, 0, 0, 0, 1, 0),
(2128, '18C.Локос', 111, 15, 2, 0, 3, 0, 0),
(2129, '23A.Панда', 112, 15, 0, 0, 0, 0, 0),
(2130, '16A.Tesla', 112, 0, 0, 0, 0, 0, 0),
(2131, '13C.Констанция', 112, 15, 4, 0, 0, 0, 0),
(2132, '17C.Questra', 112, 15, 4, 0, 5, 0, 0),
(2133, '10C.Лисс', 112, 0, 0, 0, 2, 0, 0),
(2134, '12A.Капитан СбУ RiТ', 112, 0, 0, 0, 0, 0, 0),
(2135, '18B.Гармония', 112, 0, 0, 0, 0, 1, 0),
(2136, '19C.Іскра', 112, 0, 0, 0, 0, 0, 0),
(2137, '14A.Француженка', 112, 0, 2, 0, 0, 0, 0),
(2138, '6B.Паника', 112, 0, 0, 6, 8, 1, 0),
(2139, '7D.Зара', 113, 0, 0, 0, 3, 0, 0),
(2140, '22A.blink', 113, 0, 9, 0, 1, 0, 0),
(2141, '8C.Шерлок', 113, 0, 0, 0, 2, 0, 0),
(2142, '9C.Мерил', 113, 0, 0, 0, 2, 0, 0),
(2143, '2A.Runaway', 113, 15, 0, 0, 5, 0, 0),
(2144, '11C.Yes', 113, 0, 0, 0, 0, 0, 0),
(2145, '14D.Ёжик', 113, 0, 0, 0, 2, 0, 0),
(2146, '10D.DoYou', 113, 15, 0, 0, 0, 1, 0),
(2147, '1D.Спок', 113, 0, 0, 0, 0, 1, 0),
(2148, '19A.Кролик', 113, 15, 1, 0, 4, 0, 0),
(2149, '4C.Джесс', 114, 0, 0, 0, 5, 0, 0),
(2150, '3A.Borman', 114, 0, 0, 0, 6, 0, 0),
(2151, '10A.Кай', 114, 15, 0, 0, 0, 0, 0),
(2152, '15D.Кас (Чернигов)', 114, 15, 0, 0, 0, 0, 0),
(2153, '21B.Кенни', 114, 15, 6, 0, 0, 0, 0),
(2154, '13A.Керриган', 114, 15, 0, 0, 0, 0, 0),
(2155, '20B.Амахонда', 114, 15, 0, 0, 0, 0, 0),
(2156, '1A.Q', 114, 15, 3, 0, 3, 0, 0),
(2157, '6A.Kurt', 114, 0, 1, 0, 4, 0, 0),
(2158, '8D.Dari', 114, 15, 0, 3, 2, 0, 0),
(2159, '24D.Святой', 115, 0, 0, 0, 0, 0, 0),
(2160, '4D.Хірург', 115, 15, 3, 0, 1, 0, 0),
(2161, '12B.Агент СбУ Бордо', 115, 15, 3, 0, 0, 1, 0),
(2162, '17D.Бамбук', 115, 0, 0, 0, 3, 1, 0),
(2163, '8B.Chilly Willy', 115, 15, 0, 0, 3, 0, 0),
(2164, '2B.Brew\\Тони', 115, 15, 3, 0, 6, 0, 0),
(2165, '1С.Рио', 115, 15, 1, 6, 0, 0, 0),
(2166, '20D.Борщ', 115, 0, 0, 0, 0, 1, 0),
(2167, '16C.Алексис', 115, 15, 0, 0, 7, 0, 0),
(2168, '7B.Командор', 115, 15, 0, 0, 0, 0, 0),
(2169, '6D.Космос', 116, 0, 0, 0, 6, 0, 0),
(2170, '17B.Дон Рамино', 116, 15, 2, 0, 1, 0, 0),
(2171, '4B.Джульетта', 116, 15, 0, 0, 2, 0, 0),
(2172, '23D.Клюква', 116, 0, 0, 0, 2, 0, 0),
(2173, '15A.Каре', 116, 0, 0, 0, 9, 0, 0),
(2174, '9B.Вынос Мозга', 116, 15, 0, 6, 0, 0, 0),
(2175, '11B.Ятна', 116, 15, 2, 0, 0, 0, 0),
(2176, '22D.Капитан Морган', 116, 15, 0, 0, 0, 1, 0),
(2177, '25A.Точка/Ла-Ла', 116, 15, 4, 0, 0, 1, 0),
(2178, '20A.Фибби Буффе', 116, 15, 2, 0, 0, 0, 0),
(2189, '19D.І. Багряний', 118, 0, 0, 0, 0, 0, 0),
(2190, '12C.Агент СбУ Шкода', 118, 15, 0, 0, 0, 0, 0),
(2191, '25C.Арлекино/Тинки', 118, 15, 0, 0, 0, 0, 0),
(2192, '2C.Мишель', 118, 15, 3, 0, 3, 1, 0),
(2193, '7C.Граф', 118, 15, 0, 0, 2, 1, 0),
(2194, '5A.Artist', 118, 15, 0, 0, 3, 0, 0),
(2195, '23B.Fox', 118, 0, 0, 0, 0, 0, 0),
(2196, '13B.Альфа', 118, 15, 0, 0, 0, 0, 0),
(2197, '9D.Фетиш', 118, 0, 1, 0, 5, 0, 0),
(2198, '24A.Хохол', 118, 15, 6, 0, 2, 1, 0),
(2199, '16B.Angelo', 119, 0, 0, 0, 0, 0, 0),
(2200, '3B.Vagrant', 119, 0, 0, 0, 2, 0, 0),
(2201, '8A.Klepantino', 119, 0, 0, 0, 8, 0, 0),
(2202, '24B.Mary', 119, 0, 3, 0, 4, 0, 0),
(2203, '12D.Агент СбУ Эрин', 119, 0, 0, 0, 0, 0, 0),
(2204, '18A.Trevery', 119, 0, 0, 0, 0, 0, 0),
(2205, '13D.Эмоциональный', 119, 15, 6, 0, 0, 0, 0),
(2206, '20C.Кика', 119, 15, 0, 0, 0, 0, 0),
(2207, '22B.Just', 119, 15, 0, 0, 6, 0, 0),
(2208, '5C.Voland', 119, 0, 1, 0, 0, 1, 0),
(2209, '18C.Локос', 120, 0, 0, 0, 2, 0, 0),
(2210, '21A.Антонио', 120, 0, 0, 0, 0, 0, 0),
(2211, '24C.Эхо', 120, 0, 2, 0, 7, 1, 0),
(2212, '13C.Констанция', 120, 0, 0, 0, 0, 0, 0),
(2213, '14A.Француженка', 120, 0, 0, 0, 0, 0, 0),
(2214, '10A.Кай', 120, 0, 0, 0, 0, 0, 0),
(2215, '7C.Граф', 120, 15, 0, 0, 3, 0, 0),
(2216, '20A.Фибби Буффе', 120, 15, 6, 0, 1, 0, 0),
(2217, '8D.Dari', 120, 15, 2, 0, 5, 1, 0),
(2218, '25B.Кошка/По', 120, 0, 0, 0, 2, 0, 0),
(2219, '2C.Мишель', 121, 15, 7, 0, 2, 1, 0),
(2220, '19D.І. Багряний', 121, 15, 0, 0, 0, 0, 0),
(2221, '14C.Заяц', 121, 0, 0, 0, 3, 0, 0),
(2222, '12D.Агент СбУ Эрин', 121, 15, 0, 0, 0, 0, 0),
(2223, '6D.Космос', 121, 15, 2, 6, 3, 0, 0),
(2224, '11A.Сарказм', 121, 0, 0, 0, 0, 0, 0),
(2225, '7D.Зара', 121, 15, 0, 0, 3, 0, 0),
(2226, '13B.Альфа', 121, 0, 0, 0, 0, 0, 0),
(2227, '8B.Chilly Willy', 121, 15, 0, 0, 4, 0, 0),
(2228, '24A.Хохол', 121, 15, 1, 0, 5, 1, 0),
(2229, '3D.Hank Moody', 122, 0, 3, 0, 0, 0, 0),
(2230, '18B.Гармония', 122, 0, 0, 0, 0, 0, 0),
(2231, '1B.Fill', 122, 15, 0, 0, 9, 0, 0),
(2232, '23B.Fox', 122, 15, 3, 0, 0, 0, 0),
(2233, '4B.Джульетта', 122, 0, 0, 0, 5, 0, 0),
(2234, '2A.Runaway', 122, 0, 0, 0, 0, 0, 0),
(2235, '13A.Керриган', 122, 0, 0, 0, 0, 0, 0),
(2236, '17A.R2D2', 122, 0, 0, 0, 0, 0, 0),
(2237, '9B.Вынос Мозга', 122, 15, 4, 0, 1, 0, 0),
(2238, '11C.Yes', 122, 0, 0, 0, 0, 0, 0),
(2239, '10D.DoYou', 123, 15, 1, 0, 0, 0, 0),
(2240, '4A.Snoopy:)', 123, 0, 2, 3, 7, 0, 0),
(2241, '5B.Black', 123, 0, 0, 0, 8, 0, 0),
(2242, '11A.Сарказм', 123, 0, 0, 0, 0, 0, 0),
(2243, '14C.Заяц', 123, 0, 0, 0, 2, 0, 0),
(2244, '12B.Агент СбУ Бордо', 123, 15, 7, 0, 0, 0, 0),
(2245, '24B.Mary', 123, 0, 0, 0, 0, 0, 0),
(2246, '7D.Зара', 123, 15, 0, 0, 2, 0, 0),
(2247, '21A.Антонио', 123, 0, 0, 0, 0, 0, 0),
(2248, '23A.Панда', 123, 0, 0, 0, 0, 0, 0);

-- --------------------------------------------------------

--
-- Table structure for table `Players`
--

CREATE TABLE IF NOT EXISTS `Players` (
  `Name` varchar(256) CHARACTER SET utf8 NOT NULL,
  `TeamId` int(11) NOT NULL,
  `IsMale` tinyint(1) NOT NULL DEFAULT '1',
  PRIMARY KEY (`Name`),
  KEY `TeamId` (`TeamId`),
  KEY `TeamId_2` (`TeamId`)
) ENGINE=MyISAM DEFAULT CHARSET=latin1;

--
-- Dumping data for table `Players`
--

INSERT INTO `Players` (`Name`, `TeamId`, `IsMale`) VALUES
('1A.Q', 1, 0),
('1B.Fill', 1, 1),
('1С.Рио', 1, 1),
('1D.Спок', 1, 0),
('2A.Runaway', 2, 1),
('2B.Brew\\Тони', 2, 1),
('2C.Мишель', 2, 1),
('2D.Центр', 2, 1),
('3A.Borman', 3, 1),
('3B.Vagrant', 3, 1),
('3C.Stone Cold', 3, 1),
('3D.Hank Moody', 3, 1),
('4A.Snoopy:)', 4, 1),
('4B.Джульетта', 4, 0),
('4C.Джесс', 4, 0),
('4D.Хірург', 4, 1),
('5A.Artist', 5, 1),
('5B.Black', 5, 0),
('5C.Voland', 5, 1),
('5D.Gans', 5, 1),
('6A.Kurt', 6, 1),
('6B.Паника', 6, 0),
('6C.Артист', 6, 1),
('6D.Космос', 6, 0),
('7A.Изюм', 7, 1),
('7B.Командор', 7, 1),
('7C.Граф', 7, 1),
('7D.Зара', 7, 0),
('8A.Klepantino', 8, 1),
('8B.Chilly Willy', 8, 0),
('8C.Шерлок', 8, 1),
('8D.Dari', 8, 0),
('9A.Май', 9, 1),
('9B.Вынос Мозга', 9, 1),
('9C.Мерил', 9, 0),
('9D.Фетиш', 9, 0),
('10A.Кай', 10, 1),
('10B.Латвия', 10, 0),
('10C.Лисс', 10, 0),
('10D.DoYou', 10, 1),
('11A.Сарказм', 11, 1),
('11B.Ятна', 11, 0),
('11C.Yes', 11, 1),
('11D.Амбал', 11, 1),
('12A.Капитан СбУ RiТ', 12, 1),
('12B.Агент СбУ Бордо', 12, 0),
('12C.Агент СбУ Шкода', 12, 0),
('12D.Агент СбУ Эрин', 12, 0),
('13A.Керриган', 13, 0),
('13B.Альфа', 13, 1),
('13C.Констанция', 13, 0),
('13D.Эмоциональный ', 13, 1),
('14A.Француженка', 14, 0),
('14B.Тракієць', 14, 1),
('14C.Заяц', 14, 1),
('14D.Ёжик', 14, 1),
('15A.Каре', 15, 1),
('15B.Леон', 15, 1),
('15C.Лиса', 15, 0),
('15D.Кас (Чернигов)', 15, 1),
('16A.Tesla', 16, 0),
('16B.Angelo', 16, 1),
('16C.Алексис', 16, 0),
('16D.Батько', 16, 1),
('17A.R2D2', 17, 1),
('17B.Дон Рамино', 17, 1),
('17C.Questra', 17, 1),
('17D.Бамбук', 17, 1),
('18A.Trevery', 18, 1),
('18B.Гармония', 18, 0),
('18C.Локос', 18, 1),
('18D.Lawliet', 18, 1),
('19A.Кролик ', 19, 0),
('19B.Sheriff ', 19, 1),
('19C.Іскра ', 19, 0),
('19D.І. Багряний ', 19, 1),
('20A.Фибби Буффе', 20, 0),
('20B.Амахонда', 20, 1),
('20C.Кика', 20, 0),
('20D.Борщ', 20, 1),
('21A.Антонио', 21, 1),
('21B.Кенни', 21, 1),
('21C.Альва', 21, 0),
('21D.Ніграма', 21, 0),
('22A.blink', 22, 1),
('22B.Just', 22, 0),
('22C.Nif', 22, 1),
('22D.Капитан Морган', 22, 1),
('23A.Панда', 23, 1),
('23B.Fox', 23, 1),
('23C.Винсент', 23, 1),
('23D.Клюква', 23, 0),
('24A.Хохол', 24, 1),
('24B.Mary', 24, 0),
('24C.Эхо', 24, 1),
('24D.Святой', 24, 1),
('25A.Точка/Ла-Ла ', 25, 0),
('25B.Кошка/По', 25, 0),
('25C.Арлекино/Тинки', 25, 1),
('25D.Серж/Дипси', 25, 1);

-- --------------------------------------------------------

--
-- Table structure for table `Roles`
--

CREATE TABLE IF NOT EXISTS `Roles` (
  `RoleId` int(11) NOT NULL AUTO_INCREMENT,
  `Role` varchar(256) NOT NULL,
  PRIMARY KEY (`RoleId`)
) ENGINE=MyISAM  DEFAULT CHARSET=latin1 AUTO_INCREMENT=5 ;

--
-- Dumping data for table `Roles`
--

INSERT INTO `Roles` (`RoleId`, `Role`) VALUES
(1, 'Don'),
(2, 'Mafia'),
(3, 'Sherif'),
(4, 'Citizen');

-- --------------------------------------------------------

--
-- Table structure for table `Statuses`
--

CREATE TABLE IF NOT EXISTS `Statuses` (
  `StatusId` int(11) NOT NULL,
  `Status` varchar(256) NOT NULL,
  PRIMARY KEY (`StatusId`)
) ENGINE=MyISAM DEFAULT CHARSET=latin1;

--
-- Dumping data for table `Statuses`
--

INSERT INTO `Statuses` (`StatusId`, `Status`) VALUES
(0, 'City'),
(1, 'Mafia'),
(2, 'Draw');

-- --------------------------------------------------------

--
-- Table structure for table `Teams`
--

CREATE TABLE IF NOT EXISTS `Teams` (
  `TeamId` int(11) NOT NULL AUTO_INCREMENT,
  `Name` varchar(256) CHARACTER SET utf8 NOT NULL,
  `Rating` double DEFAULT NULL,
  `password` varchar(256) NOT NULL,
  PRIMARY KEY (`TeamId`)
) ENGINE=MyISAM  DEFAULT CHARSET=latin1 AUTO_INCREMENT=26 ;

--
-- Dumping data for table `Teams`
--

INSERT INTO `Teams` (`TeamId`, `Name`, `Rating`, `password`) VALUES
(1, 'Avada Kedavra', NULL, 'f56f5a08544d96fb85c8f9121b0cc890'),
(2, 'Red Hot Chili Peppers', NULL, '9bd8aa956d4a57eafd940500a3f84b7d'),
(3, 'Team Secret', NULL, '7a81c712d9247955bcb40e2357633440'),
(4, 'Шведская семья', NULL, '936b6381d0f6897fb16b8d1187dab262'),
(5, 'Пиріжкова', NULL, '70703aa078dc21929ce2980c9a3c7f25'),
(6, 'Oldschool', NULL, '96f0f08c0188ba04898ce8cc465c19c4'),
(7, 'NAU Mafia Club', NULL, '7c7a5c45477b7fdbd5e297e232861334'),
(8, 'Штаны', NULL, '1adc418fbd72ccc48a7025369f8424e0'),
(9, 'qwerty', NULL, 'a619d974658f3e749b2d88b215baea46'),
(10, 'Ноги, Смех, Сечь и Лучший игрок Харькова', NULL, 'e9a2330ca8246185823e8fbf884bf66d'),
(11, '2 ПС и ЕС', NULL, 'cf793e43ac2b833309ef8e5eb30e6a3a'),
(12, 'Сборная Украины (СбУ)', NULL, '5a005dd679ac6c66885b334509106381'),
(13, 'Бубуняши', NULL, 'cb8e32c7307ebc7fc29748d07c8e8d84'),
(14, 'Baker Street 221b', NULL, '01ca3aa41307649ae5c0df2da415dfad'),
(15, 'Еспада', NULL, '004e1297e859cf78b6d12b3bfed4b24b'),
(16, 'IASA Mafia Club', NULL, 'a0bf3d68a01928cd611c96a84a4abeaf'),
(17, 'На победку!', NULL, 'aa5e30176e84c9ba24949ef67191d99e'),
(18, 'Трое грешных и один пауэр рейнджер', NULL, '190bb25c6af27efab720d511348d6636'),
(19, 'Елеймс', NULL, 'ca2eb392c6d17f224516bcdce898437b'),
(20, 'Тіма з Полтови.Чуй,цей,той.', NULL, 'd1eb7f5765c33291c6498acfe64bc072'),
(21, 'Клянусь, я б его не стрелял', NULL, '901b0e36af068b0da5fad2039e8ecbd8'),
(22, 'Смаска- наследие 1024^768', NULL, 'a40c41638f666fa8759a40b8f13330f8'),
(23, 'Adventure Time', NULL, '6ea234a849e42707d71e5c78a09eecd0'),
(24, 'n.One', NULL, '3b44981d86ac574ba19d63bb8259fbca'),
(25, 'Телепузики', NULL, '58bd964888c9d5c4895021e8881450f9');

/*!40101 SET CHARACTER_SET_CLIENT=@OLD_CHARACTER_SET_CLIENT */;
/*!40101 SET CHARACTER_SET_RESULTS=@OLD_CHARACTER_SET_RESULTS */;
/*!40101 SET COLLATION_CONNECTION=@OLD_COLLATION_CONNECTION */;
